Date,Stock,SVI,Exhibition,Year,start_on,Relative_Date,MA20,Daily_Spike
2026-07-20,上銀,0.0,Tairos機器人展,2026,2026-08-19,-22,0.0,0.0
2026-07-21,上銀,44.0,Tairos機器人展,2026,2026-08-19,-21,22.0,1.99
2026-07-22,上銀,43.0,Tairos機器人展,2026,2026-08-19,-20,29.0,1.48
2026-07-23,上銀,43.0,Tairos機器人展,2026,2026-08-19,-19,32.5,1.32
2026-07-24,上銀,39.0,Tairos機器人展,2026,2026-08-19,-18,33.8,1.15
2026-07-27,上銀,13.33,Tairos機器人展,2026,2026-08-19,-17,30.39,0.44
2026-07-28,上銀,44.0,Tairos機器人展,2026,2026-08-19,-16,32.33,1.36
2026-07-29,上銀,36.0,Tairos機器人展,2026,2026-08-19,-15,32.79,1.09
2026-07-30,上銀,41.0,Tairos機器人展,2026,2026-08-19,-14,33.7,1.21
2026-07-31,上銀,34.0,Tairos機器人展,2026,2026-08-19,-13,33.73,1.01
2026-08-03,上銀,22.33,Tairos機器人展,2026,2026-08-19,-12,32.7,0.68
2026-08-04,上銀,55.0,Tairos機器人展,2026,2026-08-19,-11,34.56,1.59
2026-08-05,上銀,63.0,Tairos機器人展,2026,2026-08-19,-10,36.74,1.71
2026-08-06,上銀,68.0,Tairos機器人展,2026,2026-08-19,-9,38.98,1.74
2026-08-07,上銀,84.0,Tairos機器人展,2026,2026-08-19,-8,41.98,2.0
2026-08-10,上銀,47.0,Tairos機器人展,2026,2026-08-19,-7,42.29,1.11
2026-08-11,上銀,52.0,Tairos機器人展,2026,2026-08-19,-6,42.86,1.21
2026-08-12,上銀,70.0,Tairos機器人展,2026,2026-08-19,-5,44.37,1.57
2026-08-13,上銀,79.0,Tairos機器人展,2026,2026-08-19,-4,46.19,1.71
2026-08-14,上銀,52.0,Tairos機器人展,2026,2026-08-19,-3,46.48,1.12
2026-08-17,上銀,32.33,Tairos機器人展,2026,2026-08-19,-2,48.1,0.67
2026-08-18,上銀,50.0,Tairos機器人展,2026,2026-08-19,-1,48.4,1.03
2026-08-19,上銀,51.0,Tairos機器人展,2026,2026-08-19,0,48.8,1.04
2026-08-20,上銀,51.0,Tairos機器人展,2026,2026-08-19,1,49.2,1.03
2026-08-21,上銀,44.0,Tairos機器人展,2026,2026-08-19,2,49.45,0.89
2026-08-24,上銀,27.33,Tairos機器人展,2026,2026-08-19,3,50.15,0.54
2026-08-25,上銀,43.0,Tairos機器人展,2026,2026-08-19,4,50.1,0.86
2026-08-26,上銀,43.0,Tairos機器人展,2026,2026-08-19,5,50.45,0.85
2026-08-27,上銀,40.0,Tairos機器人展,2026,2026-08-19,6,50.4,0.79
2026-07-20,研華,15.5,Tairos機器人展,2026,2026-08-19,-22,15.5,0.99
2026-07-21,研華,73.0,Tairos機器人展,2026,2026-08-19,-21,44.25,1.65
2026-07-22,研華,71.0,Tairos機器人展,2026,2026-08-19,-20,53.17,1.33
2026-07-23,研華,54.0,Tairos機器人展,2026,2026-08-19,-19,53.38,1.01
2026-07-24,研華,51.0,Tairos機器人展,2026,2026-08-19,-18,52.9,0.96
2026-07-27,研華,12.33,Tairos機器人展,2026,2026-08-19,-17,46.14,0.27
2026-07-28,研華,38.0,Tairos機器人展,2026,2026-08-19,-16,44.98,0.84
2026-07-29,研華,33.0,Tairos機器人展,2026,2026-08-19,-15,43.48,0.76
2026-07-30,研華,37.0,Tairos機器人展,2026,2026-08-19,-14,42.76,0.86
2026-07-31,研華,45.0,Tairos機器人展,2026,2026-08-19,-13,42.98,1.04
2026-08-03,研華,31.33,Tairos機器人展,2026,2026-08-19,-12,41.92,0.75
2026-08-04,研華,32.0,Tairos機器人展,2026,2026-08-19,-11,41.1,0.78
2026-08-05,研華,100.0,Tairos機器人展,2026,2026-08-19,-10,45.63,2.19
2026-08-06,研華,67.0,Tairos機器人展,2026,2026-08-19,-9,47.15,1.42
2026-08-07,研華,63.0,Tairos機器人展,2026,2026-08-19,-8,48.21,1.3
2026-08-10,研華,35.67,Tairos機器人展,2026,2026-08-19,-7,47.43,0.75
2026-08-11,研華,48.0,Tairos機器人展,2026,2026-08-19,-6,47.46,1.01
2026-08-12,研華,62.0,Tairos機器人展,2026,2026-08-19,-5,48.27,1.28
2026-08-13,研華,41.0,Tairos機器人展,2026,2026-08-19,-4,47.89,0.85
2026-08-14,研華,32.0,Tairos機器人展,2026,2026-08-19,-3,47.09,0.68
2026-08-17,研華,23.67,Tairos機器人展,2026,2026-08-19,-2,47.5,0.5
2026-08-18,研華,52.0,Tairos機器人展,2026,2026-08-19,-1,46.45,1.12
2026-08-19,研華,42.0,Tairos機器人展,2026,2026-08-19,0,45.0,0.93
2026-08-20,研華,38.0,Tairos機器人展,2026,2026-08-19,1,44.2,0.86
2026-08-21,研華,44.0,Tairos機器人展,2026,2026-08-19,2,43.85,1.0
2026-08-24,研華,14.0,Tairos機器人展,2026,2026-08-19,3,43.93,0.32
2026-08-25,研華,36.0,Tairos機器人展,2026,2026-08-19,4,43.83,0.82
2026-08-26,研華,34.0,Tairos機器人展,2026,2026-08-19,5,43.88,0.77
2026-08-27,研華,33.0,Tairos機器人展,2026,2026-08-19,6,43.68,0.75
2026-07-20,所羅門,0.0,Tairos機器人展,2026,2026-08-19,-22,0.0,0.0
2026-07-21,所羅門,22.0,Tairos機器人展,2026,2026-08-19,-21,11.0,1.98
2026-07-22,所羅門,37.0,Tairos機器人展,2026,2026-08-19,-20,19.67,1.87
2026-07-23,所羅門,24.0,Tairos機器人展,2026,2026-08-19,-19,20.75,1.15
2026-07-24,所羅門,32.0,Tairos機器人展,2026,2026-08-19,-18,23.0,1.39
2026-07-27,所羅門,26.33,Tairos機器人展,2026,2026-08-19,-17,23.55,1.11
2026-07-28,所羅門,29.0,Tairos機器人展,2026,2026-08-19,-16,24.33,1.19
2026-07-29,所羅門,34.0,Tairos機器人展,2026,2026-08-19,-15,25.54,1.33
2026-07-30,所羅門,40.0,Tairos機器人展,2026,2026-08-19,-14,27.15,1.47
2026-07-31,所羅門,47.0,Tairos機器人展,2026,2026-08-19,-13,29.13,1.61
2026-08-03,所羅門,17.0,Tairos機器人展,2026,2026-08-19,-12,28.03,0.6
2026-08-04,所羅門,22.0,Tairos機器人展,2026,2026-08-19,-11,27.53,0.8
2026-08-05,所羅門,40.0,Tairos機器人展,2026,2026-08-19,-10,28.49,1.4
2026-08-06,所羅門,43.0,Tairos機器人展,2026,2026-08-19,-9,29.52,1.45
2026-08-07,所羅門,35.0,Tairos機器人展,2026,2026-08-19,-8,29.89,1.17
2026-08-10,所羅門,31.0,Tairos機器人展,2026,2026-08-19,-7,29.96,1.03
2026-08-11,所羅門,39.0,Tairos機器人展,2026,2026-08-19,-6,30.49,1.27
2026-08-12,所羅門,53.0,Tairos機器人展,2026,2026-08-19,-5,31.74,1.66
2026-08-13,所羅門,52.0,Tairos機器人展,2026,2026-08-19,-4,32.81,1.58
2026-08-14,所羅門,58.0,Tairos機器人展,2026,2026-08-19,-3,34.07,1.7
2026-08-17,所羅門,34.67,Tairos機器人展,2026,2026-08-19,-2,35.8,0.97
2026-08-18,所羅門,60.0,Tairos機器人展,2026,2026-08-19,-1,37.7,1.59
2026-08-19,所羅門,81.0,Tairos機器人展,2026,2026-08-19,0,39.9,2.02
2026-08-20,所羅門,74.0,Tairos機器人展,2026,2026-08-19,1,42.4,1.74
2026-08-21,所羅門,54.0,Tairos機器人展,2026,2026-08-19,2,43.5,1.24
2026-08-24,所羅門,23.67,Tairos機器人展,2026,2026-08-19,3,43.37,0.54
2026-08-25,所羅門,38.0,Tairos機器人展,2026,2026-08-19,4,43.82,0.87
2026-08-26,所羅門,40.0,Tairos機器人展,2026,2026-08-19,5,44.12,0.9
2026-08-27,所羅門,39.0,Tairos機器人展,2026,2026-08-19,6,44.07,0.88
2026-07-20,直得,0.0,Tairos機器人展,2026,2026-08-19,-22,0.0,0.0
2026-07-21,直得,14.0,Tairos機器人展,2026,2026-08-19,-21,7.0,1.97
2026-07-22,直得,15.0,Tairos機器人展,2026,2026-08-19,-20,9.67,1.54
2026-07-23,直得,0.0,Tairos機器人展,2026,2026-08-19,-19,7.25,0.0
2026-07-24,直得,0.0,Tairos機器人展,2026,2026-08-19,-18,5.8,0.0
2026-07-27,直得,0.0,Tairos機器人展,2026,2026-08-19,-17,4.83,0.0
2026-07-28,直得,18.0,Tairos機器人展,2026,2026-08-19,-16,6.71,2.64
2026-07-29,直得,13.0,Tairos機器人展,2026,2026-08-19,-15,7.5,1.71
2026-07-30,直得,0.0,Tairos機器人展,2026,2026-08-19,-14,6.67,0.0
2026-07-31,直得,23.0,Tairos機器人展,2026,2026-08-19,-13,8.3,2.74
2026-08-03,直得,4.33,Tairos機器人展,2026,2026-08-19,-12,7.94,0.54
2026-08-04,直得,14.0,Tairos機器人展,2026,2026-08-19,-11,8.44,1.64
2026-08-05,直得,0.0,Tairos機器人展,2026,2026-08-19,-10,7.79,0.0
2026-08-06,直得,17.0,Tairos機器人展,2026,2026-08-19,-9,8.45,1.99
2026-08-07,直得,0.0,Tairos機器人展,2026,2026-08-19,-8,7.89,0.0
2026-08-10,直得,6.67,Tairos機器人展,2026,2026-08-19,-7,7.81,0.84
2026-08-11,直得,0.0,Tairos機器人展,2026,2026-08-19,-6,7.35,0.0
2026-08-12,直得,15.0,Tairos機器人展,2026,2026-08-19,-5,7.78,1.9
2026-08-13,直得,18.0,Tairos機器人展,2026,2026-08-19,-4,8.32,2.14
2026-08-14,直得,15.0,Tairos機器人展,2026,2026-08-19,-3,8.65,1.71
2026-08-17,直得,12.33,Tairos機器人展,2026,2026-08-19,-2,9.27,1.32
2026-08-18,直得,0.0,Tairos機器人展,2026,2026-08-19,-1,8.57,0.0
2026-08-19,直得,16.0,Tairos機器人展,2026,2026-08-19,0,8.62,1.83
2026-08-20,直得,0.0,Tairos機器人展,2026,2026-08-19,1,8.62,0.0
2026-08-21,直得,0.0,Tairos機器人展,2026,2026-08-19,2,8.62,0.0
2026-08-24,直得,6.0,Tairos機器人展,2026,2026-08-19,3,8.92,0.67
2026-08-25,直得,11.0,Tairos機器人展,2026,2026-08-19,4,8.57,1.27
2026-08-26,直得,11.0,Tairos機器人展,2026,2026-08-19,5,8.47,1.28
2026-08-27,直得,20.0,Tairos機器人展,2026,2026-08-19,6,9.47,2.09
2025-07-21,上銀,27.0,Tairos機器人展,2025,2025-08-20,-21,27.0,1.0
2025-07-22,上銀,26.0,Tairos機器人展,2025,2025-08-20,-20,26.5,0.98
2025-07-23,上銀,33.0,Tairos機器人展,2025,2025-08-20,-19,28.67,1.15
2025-07-24,上銀,31.0,Tairos機器人展,2025,2025-08-20,-18,29.25,1.06
2025-07-25,上銀,37.0,Tairos機器人展,2025,2025-08-20,-17,30.8,1.2
2025-07-28,上銀,17.67,Tairos機器人展,2025,2025-08-20,-16,28.61,0.62
2025-07-29,上銀,35.0,Tairos機器人展,2025,2025-08-20,-15,29.52,1.18
2025-07-30,上銀,25.0,Tairos機器人展,2025,2025-08-20,-14,28.96,0.86
2025-07-31,上銀,36.0,Tairos機器人展,2025,2025-08-20,-13,29.74,1.21
2025-08-04,上銀,33.25,Tairos機器人展,2025,2025-08-20,-12,30.09,1.1
2025-08-05,上銀,37.0,Tairos機器人展,2025,2025-08-20,-11,30.72,1.2
2025-08-06,上銀,35.0,Tairos機器人展,2025,2025-08-20,-10,31.08,1.12
2025-08-07,上銀,55.0,Tairos機器人展,2025,2025-08-20,-9,32.92,1.67
2025-08-08,上銀,31.0,Tairos機器人展,2025,2025-08-20,-8,32.78,0.94
2025-08-11,上銀,21.33,Tairos機器人展,2025,2025-08-20,-7,32.02,0.66
2025-08-12,上銀,38.0,Tairos機器人展,2025,2025-08-20,-6,32.39,1.17
2025-08-13,上銀,45.0,Tairos機器人展,2025,2025-08-20,-5,33.13,1.35
2025-08-14,上銀,38.0,Tairos機器人展,2025,2025-08-20,-4,33.4,1.13
2025-08-15,上銀,58.0,Tairos機器人展,2025,2025-08-20,-3,34.7,1.67
2025-08-18,上銀,23.67,Tairos機器人展,2025,2025-08-20,-2,34.15,0.69
2025-08-19,上銀,38.0,Tairos機器人展,2025,2025-08-20,-1,34.7,1.09
2025-08-20,上銀,55.0,Tairos機器人展,2025,2025-08-20,0,36.15,1.52
2025-08-21,上銀,52.0,Tairos機器人展,2025,2025-08-20,1,37.1,1.4
2025-08-22,上銀,46.0,Tairos機器人展,2025,2025-08-20,2,37.85,1.21
2025-08-25,上銀,24.67,Tairos機器人展,2025,2025-08-20,3,37.23,0.66
2025-08-26,上銀,40.0,Tairos機器人展,2025,2025-08-20,4,38.35,1.04
2025-08-27,上銀,49.0,Tairos機器人展,2025,2025-08-20,5,39.05,1.25
2025-08-28,上銀,43.0,Tairos機器人展,2025,2025-08-20,6,39.95,1.07
2025-07-21,研華,14.0,Tairos機器人展,2025,2025-08-20,-21,14.0,0.99
2025-07-22,研華,20.0,Tairos機器人展,2025,2025-08-20,-20,17.0,1.17
2025-07-23,研華,22.0,Tairos機器人展,2025,2025-08-20,-19,18.67,1.17
2025-07-24,研華,23.0,Tairos機器人展,2025,2025-08-20,-18,19.75,1.16
2025-07-25,研華,31.0,Tairos機器人展,2025,2025-08-20,-17,22.0,1.4
2025-07-28,研華,6.0,Tairos機器人展,2025,2025-08-20,-16,19.33,0.31
2025-07-29,研華,20.0,Tairos機器人展,2025,2025-08-20,-15,19.43,1.02
2025-07-30,研華,17.0,Tairos機器人展,2025,2025-08-20,-14,19.12,0.88
2025-07-31,研華,25.0,Tairos機器人展,2025,2025-08-20,-13,19.78,1.26
2025-08-04,研華,19.75,Tairos機器人展,2025,2025-08-20,-12,19.77,0.99
2025-08-05,研華,29.0,Tairos機器人展,2025,2025-08-20,-11,20.61,1.4
2025-08-06,研華,23.0,Tairos機器人展,2025,2025-08-20,-10,20.81,1.1
2025-08-07,研華,29.0,Tairos機器人展,2025,2025-08-20,-9,21.44,1.35
2025-08-08,研華,31.0,Tairos機器人展,2025,2025-08-20,-8,22.12,1.4
2025-08-11,研華,6.33,Tairos機器人展,2025,2025-08-20,-7,21.07,0.3
2025-08-12,研華,15.0,Tairos機器人展,2025,2025-08-20,-6,20.69,0.72
2025-08-13,研華,18.0,Tairos機器人展,2025,2025-08-20,-5,20.53,0.87
2025-08-14,研華,27.0,Tairos機器人展,2025,2025-08-20,-4,20.89,1.29
2025-08-15,研華,30.0,Tairos機器人展,2025,2025-08-20,-3,21.37,1.4
2025-08-18,研華,9.67,Tairos機器人展,2025,2025-08-20,-2,20.79,0.46
2025-08-19,研華,27.0,Tairos機器人展,2025,2025-08-20,-1,21.44,1.25
2025-08-20,研華,34.0,Tairos機器人展,2025,2025-08-20,0,22.14,1.53
2025-08-21,研華,32.0,Tairos機器人展,2025,2025-08-20,1,22.64,1.41
2025-08-22,研華,31.0,Tairos機器人展,2025,2025-08-20,2,23.04,1.34
2025-08-25,研華,9.67,Tairos機器人展,2025,2025-08-20,3,21.97,0.44
2025-08-26,研華,69.0,Tairos機器人展,2025,2025-08-20,4,25.12,2.74
2025-08-27,研華,86.0,Tairos機器人展,2025,2025-08-20,5,28.42,3.02
2025-08-28,研華,70.0,Tairos機器人展,2025,2025-08-20,6,31.07,2.25
2025-07-21,所羅門,26.0,Tairos機器人展,2025,2025-08-20,-21,26.0,1.0
2025-07-22,所羅門,20.0,Tairos機器人展,2025,2025-08-20,-20,23.0,0.87
2025-07-23,所羅門,48.0,Tairos機器人展,2025,2025-08-20,-19,31.33,1.53
2025-07-24,所羅門,30.0,Tairos機器人展,2025,2025-08-20,-18,31.0,0.96
2025-07-25,所羅門,48.0,Tairos機器人展,2025,2025-08-20,-17,34.4,1.39
2025-07-28,所羅門,18.33,Tairos機器人展,2025,2025-08-20,-16,31.72,0.58
2025-07-29,所羅門,28.0,Tairos機器人展,2025,2025-08-20,-15,31.19,0.89
2025-07-30,所羅門,32.0,Tairos機器人展,2025,2025-08-20,-14,31.29,1.02
2025-07-31,所羅門,29.0,Tairos機器人展,2025,2025-08-20,-13,31.04,0.93
2025-08-04,所羅門,16.0,Tairos機器人展,2025,2025-08-20,-12,29.53,0.54
2025-08-05,所羅門,29.0,Tairos機器人展,2025,2025-08-20,-11,29.48,0.98
2025-08-06,所羅門,28.0,Tairos機器人展,2025,2025-08-20,-10,29.36,0.95
2025-08-07,所羅門,41.0,Tairos機器人展,2025,2025-08-20,-9,30.26,1.35
2025-08-08,所羅門,33.0,Tairos機器人展,2025,2025-08-20,-8,30.45,1.08
2025-08-11,所羅門,14.0,Tairos機器人展,2025,2025-08-20,-7,29.36,0.48
2025-08-12,所羅門,0.0,Tairos機器人展,2025,2025-08-20,-6,27.52,0.0
2025-08-13,所羅門,35.0,Tairos機器人展,2025,2025-08-20,-5,27.96,1.25
2025-08-14,所羅門,34.0,Tairos機器人展,2025,2025-08-20,-4,28.3,1.2
2025-08-15,所羅門,34.0,Tairos機器人展,2025,2025-08-20,-3,28.6,1.18
2025-08-18,所羅門,18.0,Tairos機器人展,2025,2025-08-20,-2,28.07,0.64
2025-08-19,所羅門,38.0,Tairos機器人展,2025,2025-08-20,-1,28.67,1.32
2025-08-20,所羅門,53.0,Tairos機器人展,2025,2025-08-20,0,30.32,1.74
2025-08-21,所羅門,47.0,Tairos機器人展,2025,2025-08-20,1,30.27,1.55
2025-08-22,所羅門,36.0,Tairos機器人展,2025,2025-08-20,2,30.57,1.17
2025-08-25,所羅門,32.33,Tairos機器人展,2025,2025-08-20,3,29.78,1.08
2025-08-26,所羅門,100.0,Tairos機器人展,2025,2025-08-20,4,33.87,2.94
2025-08-27,所羅門,81.0,Tairos機器人展,2025,2025-08-20,5,36.52,2.21
2025-08-28,所羅門,67.0,Tairos機器人展,2025,2025-08-20,6,38.27,1.75
2025-07-21,直得,0.0,Tairos機器人展,2025,2025-08-20,-21,0.0,0.0
2025-07-22,直得,0.0,Tairos機器人展,2025,2025-08-20,-20,0.0,0.0
2025-07-23,直得,0.0,Tairos機器人展,2025,2025-08-20,-19,0.0,0.0
2025-07-24,直得,0.0,Tairos機器人展,2025,2025-08-20,-18,0.0,0.0
2025-07-25,直得,0.0,Tairos機器人展,2025,2025-08-20,-17,0.0,0.0
2025-07-28,直得,0.0,Tairos機器人展,2025,2025-08-20,-16,0.0,0.0
2025-07-29,直得,15.0,Tairos機器人展,2025,2025-08-20,-15,2.14,6.7
2025-07-30,直得,0.0,Tairos機器人展,2025,2025-08-20,-14,1.88,0.0
2025-07-31,直得,0.0,Tairos機器人展,2025,2025-08-20,-13,1.67,0.0
2025-08-04,直得,0.0,Tairos機器人展,2025,2025-08-20,-12,1.5,0.0
2025-08-05,直得,0.0,Tairos機器人展,2025,2025-08-20,-11,1.36,0.0
2025-08-06,直得,0.0,Tairos機器人展,2025,2025-08-20,-10,1.25,0.0
2025-08-07,直得,15.0,Tairos機器人展,2025,2025-08-20,-9,2.31,6.22
2025-08-08,直得,18.0,Tairos機器人展,2025,2025-08-20,-8,3.43,5.1
2025-08-11,直得,6.0,Tairos機器人展,2025,2025-08-20,-7,3.6,1.62
2025-08-12,直得,13.0,Tairos機器人展,2025,2025-08-20,-6,4.19,3.03
2025-08-13,直得,0.0,Tairos機器人展,2025,2025-08-20,-5,3.94,0.0
2025-08-14,直得,0.0,Tairos機器人展,2025,2025-08-20,-4,3.72,0.0
2025-08-15,直得,0.0,Tairos機器人展,2025,2025-08-20,-3,3.53,0.0
2025-08-18,直得,0.0,Tairos機器人展,2025,2025-08-20,-2,3.35,0.0
2025-08-19,直得,0.0,Tairos機器人展,2025,2025-08-20,-1,3.35,0.0
2025-08-20,直得,21.0,Tairos機器人展,2025,2025-08-20,0,4.4,4.67
2025-08-21,直得,0.0,Tairos機器人展,2025,2025-08-20,1,4.4,0.0
2025-08-22,直得,0.0,Tairos機器人展,2025,2025-08-20,2,4.4,0.0
2025-08-25,直得,0.0,Tairos機器人展,2025,2025-08-20,3,4.4,0.0
2025-08-26,直得,0.0,Tairos機器人展,2025,2025-08-20,4,4.4,0.0
2025-08-27,直得,0.0,Tairos機器人展,2025,2025-08-20,5,3.65,0.0
2025-08-28,直得,0.0,Tairos機器人展,2025,2025-08-20,6,3.65,0.0
2026-05-04,廣達,16.33,Computex電腦展,2026,2026-06-02,-21,16.33,0.99
2026-05-05,廣達,33.0,Computex電腦展,2026,2026-06-02,-20,24.66,1.33
2026-05-06,廣達,46.0,Computex電腦展,2026,2026-06-02,-19,31.78,1.44
2026-05-07,廣達,40.0,Computex電腦展,2026,2026-06-02,-18,33.83,1.18
2026-05-08,廣達,31.0,Computex電腦展,2026,2026-06-02,-17,33.27,0.93
2026-05-11,廣達,20.0,Computex電腦展,2026,2026-06-02,-16,31.05,0.64
2026-05-12,廣達,30.0,Computex電腦展,2026,2026-06-02,-15,30.9,0.97
2026-05-13,廣達,28.0,Computex電腦展,2026,2026-06-02,-14,30.54,0.91
2026-05-14,廣達,49.0,Computex電腦展,2026,2026-06-02,-13,32.59,1.5
2026-05-15,廣達,71.0,Computex電腦展,2026,2026-06-02,-12,36.43,1.94
2026-05-18,廣達,23.33,Computex電腦展,2026,2026-06-02,-11,35.24,0.66
2026-05-19,廣達,37.0,Computex電腦展,2026,2026-06-02,-10,35.39,1.04
2026-05-20,廣達,36.0,Computex電腦展,2026,2026-06-02,-9,35.44,1.01
2026-05-21,廣達,41.0,Computex電腦展,2026,2026-06-02,-8,35.83,1.14
2026-05-22,廣達,38.0,Computex電腦展,2026,2026-06-02,-7,35.98,1.05
2026-05-25,廣達,31.33,Computex電腦展,2026,2026-06-02,-6,35.69,0.88
2026-05-26,廣達,48.0,Computex電腦展,2026,2026-06-02,-5,36.41,1.31
2026-05-27,廣達,52.0,Computex電腦展,2026,2026-06-02,-4,37.28,1.39
2026-05-28,廣達,54.0,Computex電腦展,2026,2026-06-02,-3,38.16,1.41
2026-05-29,廣達,66.0,Computex電腦展,2026,2026-06-02,-2,39.55,1.66
2026-06-01,廣達,54.67,Computex電腦展,2026,2026-06-02,-1,41.47,1.32
2026-06-02,廣達,88.0,Computex電腦展,2026,2026-06-02,0,44.22,1.99
2026-06-03,廣達,84.0,Computex電腦展,2026,2026-06-02,1,46.12,1.82
2026-06-04,廣達,63.0,Computex電腦展,2026,2026-06-02,2,47.27,1.33
2026-06-05,廣達,51.0,Computex電腦展,2026,2026-06-02,3,48.27,1.05
2026-06-08,廣達,30.33,Computex電腦展,2026,2026-06-02,4,48.78,0.62
2026-06-09,廣達,54.0,Computex電腦展,2026,2026-06-02,5,49.98,1.08
2026-06-10,廣達,49.0,Computex電腦展,2026,2026-06-02,6,51.03,0.96
2026-05-04,華碩,21.33,Computex電腦展,2026,2026-06-02,-21,21.33,1.0
2026-05-05,華碩,31.0,Computex電腦展,2026,2026-06-02,-20,26.16,1.18
2026-05-06,華碩,29.0,Computex電腦展,2026,2026-06-02,-19,27.11,1.07
2026-05-07,華碩,33.0,Computex電腦展,2026,2026-06-02,-18,28.58,1.15
2026-05-08,華碩,32.0,Computex電腦展,2026,2026-06-02,-17,29.27,1.09
2026-05-11,華碩,26.33,Computex電腦展,2026,2026-06-02,-16,28.78,0.91
2026-05-12,華碩,45.0,Computex電腦展,2026,2026-06-02,-15,31.09,1.44
2026-05-13,華碩,33.0,Computex電腦展,2026,2026-06-02,-14,31.33,1.05
2026-05-14,華碩,29.0,Computex電腦展,2026,2026-06-02,-13,31.07,0.93
2026-05-15,華碩,32.0,Computex電腦展,2026,2026-06-02,-12,31.17,1.02
2026-05-18,華碩,23.0,Computex電腦展,2026,2026-06-02,-11,30.42,0.75
2026-05-19,華碩,25.0,Computex電腦展,2026,2026-06-02,-10,29.97,0.83
2026-05-20,華碩,28.0,Computex電腦展,2026,2026-06-02,-9,29.82,0.94
2026-05-21,華碩,26.0,Computex電腦展,2026,2026-06-02,-8,29.55,0.88
2026-05-22,華碩,29.0,Computex電腦展,2026,2026-06-02,-7,29.51,0.98
2026-05-25,華碩,26.0,Computex電腦展,2026,2026-06-02,-6,29.29,0.88
2026-05-26,華碩,33.0,Computex電腦展,2026,2026-06-02,-5,29.51,1.11
2026-05-27,華碩,31.0,Computex電腦展,2026,2026-06-02,-4,29.59,1.04
2026-05-28,華碩,33.0,Computex電腦展,2026,2026-06-02,-3,29.77,1.1
2026-05-29,華碩,46.0,Computex電腦展,2026,2026-06-02,-2,30.58,1.5
2026-06-01,華碩,37.0,Computex電腦展,2026,2026-06-02,-1,31.37,1.18
2026-06-02,華碩,56.0,Computex電腦展,2026,2026-06-02,0,32.62,1.71
2026-06-03,華碩,49.0,Computex電腦展,2026,2026-06-02,1,33.62,1.45
2026-06-04,華碩,42.0,Computex電腦展,2026,2026-06-02,2,34.07,1.23
2026-06-05,華碩,37.0,Computex電腦展,2026,2026-06-02,3,34.32,1.07
2026-06-08,華碩,25.67,Computex電腦展,2026,2026-06-02,4,34.28,0.75
2026-06-09,華碩,29.0,Computex電腦展,2026,2026-06-02,5,33.48,0.86
2026-06-10,華碩,33.0,Computex電腦展,2026,2026-06-02,6,33.48,0.98
2026-05-04,威盛,4.0,Computex電腦展,2026,2026-06-02,-21,4.0,0.98
2026-05-05,威盛,8.0,Computex電腦展,2026,2026-06-02,-20,6.0,1.31
2026-05-06,威盛,10.0,Computex電腦展,2026,2026-06-02,-19,7.33,1.35
2026-05-07,威盛,7.0,Computex電腦展,2026,2026-06-02,-18,7.25,0.95
2026-05-08,威盛,9.0,Computex電腦展,2026,2026-06-02,-17,7.6,1.17
2026-05-11,威盛,2.33,Computex電腦展,2026,2026-06-02,-16,6.72,0.34
2026-05-12,威盛,6.0,Computex電腦展,2026,2026-06-02,-15,6.62,0.89
2026-05-13,威盛,5.0,Computex電腦展,2026,2026-06-02,-14,6.42,0.77
2026-05-14,威盛,5.0,Computex電腦展,2026,2026-06-02,-13,6.26,0.79
2026-05-15,威盛,3.0,Computex電腦展,2026,2026-06-02,-12,5.93,0.5
2026-05-18,威盛,2.67,Computex電腦展,2026,2026-06-02,-11,5.64,0.47
2026-05-19,威盛,5.0,Computex電腦展,2026,2026-06-02,-10,5.58,0.88
2026-05-20,威盛,11.0,Computex電腦展,2026,2026-06-02,-9,6.0,1.8
2026-05-21,威盛,10.0,Computex電腦展,2026,2026-06-02,-8,6.29,1.56
2026-05-22,威盛,7.0,Computex電腦展,2026,2026-06-02,-7,6.33,1.09
2026-05-25,威盛,2.67,Computex電腦展,2026,2026-06-02,-6,6.1,0.43
2026-05-26,威盛,10.0,Computex電腦展,2026,2026-06-02,-5,6.33,1.56
2026-05-27,威盛,7.0,Computex電腦展,2026,2026-06-02,-4,6.37,1.08
2026-05-28,威盛,8.0,Computex電腦展,2026,2026-06-02,-3,6.46,1.22
2026-05-29,威盛,5.0,Computex電腦展,2026,2026-06-02,-2,6.38,0.77
2026-06-01,威盛,4.33,Computex電腦展,2026,2026-06-02,-1,6.4,0.67
2026-06-02,威盛,5.0,Computex電腦展,2026,2026-06-02,0,6.25,0.79
2026-06-03,威盛,7.0,Computex電腦展,2026,2026-06-02,1,6.1,1.13
2026-06-04,威盛,5.0,Computex電腦展,2026,2026-06-02,2,6.0,0.82
2026-06-05,威盛,5.0,Computex電腦展,2026,2026-06-02,3,5.8,0.85
2026-06-08,威盛,3.0,Computex電腦展,2026,2026-06-02,4,5.83,0.51
2026-06-09,威盛,4.0,Computex電腦展,2026,2026-06-02,5,5.73,0.69
2026-06-10,威盛,3.0,Computex電腦展,2026,2026-06-02,6,5.63,0.52
2026-05-04,迎廣,0.0,Computex電腦展,2026,2026-06-02,-21,0.0,0.0
2026-05-05,迎廣,0.0,Computex電腦展,2026,2026-06-02,-20,0.0,0.0
2026-05-06,迎廣,0.0,Computex電腦展,2026,2026-06-02,-19,0.0,0.0
2026-05-07,迎廣,0.0,Computex電腦展,2026,2026-06-02,-18,0.0,0.0
2026-05-08,迎廣,0.0,Computex電腦展,2026,2026-06-02,-17,0.0,0.0
2026-05-11,迎廣,0.0,Computex電腦展,2026,2026-06-02,-16,0.0,0.0
2026-05-12,迎廣,0.0,Computex電腦展,2026,2026-06-02,-15,0.0,0.0
2026-05-13,迎廣,0.0,Computex電腦展,2026,2026-06-02,-14,0.0,0.0
2026-05-14,迎廣,0.0,Computex電腦展,2026,2026-06-02,-13,0.0,0.0
2026-05-15,迎廣,0.0,Computex電腦展,2026,2026-06-02,-12,0.0,0.0
2026-05-18,迎廣,0.0,Computex電腦展,2026,2026-06-02,-11,0.0,0.0
2026-05-19,迎廣,0.0,Computex電腦展,2026,2026-06-02,-10,0.0,0.0
2026-05-20,迎廣,0.0,Computex電腦展,2026,2026-06-02,-9,0.0,0.0
2026-05-21,迎廣,0.0,Computex電腦展,2026,2026-06-02,-8,0.0,0.0
2026-05-22,迎廣,0.0,Computex電腦展,2026,2026-06-02,-7,0.0,0.0
2026-05-25,迎廣,0.0,Computex電腦展,2026,2026-06-02,-6,0.0,0.0
2026-05-26,迎廣,3.0,Computex電腦展,2026,2026-06-02,-5,0.18,10.71
2026-05-27,迎廣,4.0,Computex電腦展,2026,2026-06-02,-4,0.39,8.16
2026-05-28,迎廣,2.0,Computex電腦展,2026,2026-06-02,-3,0.47,3.51
2026-05-29,迎廣,0.0,Computex電腦展,2026,2026-06-02,-2,0.45,0.0
2026-06-01,迎廣,0.0,Computex電腦展,2026,2026-06-02,-1,0.45,0.0
2026-06-02,迎廣,0.0,Computex電腦展,2026,2026-06-02,0,0.45,0.0
2026-06-03,迎廣,0.0,Computex電腦展,2026,2026-06-02,1,0.45,0.0
2026-06-04,迎廣,0.0,Computex電腦展,2026,2026-06-02,2,0.45,0.0
2026-06-05,迎廣,0.0,Computex電腦展,2026,2026-06-02,3,0.45,0.0
2026-06-08,迎廣,0.0,Computex電腦展,2026,2026-06-02,4,0.45,0.0
2026-06-09,迎廣,0.0,Computex電腦展,2026,2026-06-02,5,0.45,0.0
2026-06-10,迎廣,0.0,Computex電腦展,2026,2026-06-02,6,0.45,0.0
2025-04-21,廣達,35.0,Computex電腦展,2025,2025-05-20,-20,35.0,1.0
2025-04-22,廣達,53.0,Computex電腦展,2025,2025-05-20,-19,44.0,1.2
2025-04-23,廣達,53.0,Computex電腦展,2025,2025-05-20,-18,47.0,1.13
2025-04-24,廣達,52.0,Computex電腦展,2025,2025-05-20,-17,48.25,1.08
2025-04-25,廣達,60.0,Computex電腦展,2025,2025-05-20,-16,50.6,1.18
2025-04-28,廣達,33.0,Computex電腦展,2025,2025-05-20,-15,47.67,0.69
2025-04-29,廣達,59.0,Computex電腦展,2025,2025-05-20,-14,49.29,1.19
2025-04-30,廣達,50.0,Computex電腦展,2025,2025-05-20,-13,49.38,1.01
2025-05-02,廣達,39.5,Computex電腦展,2025,2025-05-20,-12,48.28,0.82
2025-05-05,廣達,26.0,Computex電腦展,2025,2025-05-20,-11,46.05,0.56
2025-05-06,廣達,52.0,Computex電腦展,2025,2025-05-20,-10,46.59,1.11
2025-05-07,廣達,56.0,Computex電腦展,2025,2025-05-20,-9,47.38,1.18
2025-05-08,廣達,54.0,Computex電腦展,2025,2025-05-20,-8,47.88,1.13
2025-05-09,廣達,47.0,Computex電腦展,2025,2025-05-20,-7,47.82,0.98
2025-05-12,廣達,27.67,Computex電腦展,2025,2025-05-20,-6,46.48,0.59
2025-05-13,廣達,79.0,Computex電腦展,2025,2025-05-20,-5,48.51,1.63
2025-05-14,廣達,100.0,Computex電腦展,2025,2025-05-20,-4,51.54,1.94
2025-05-15,廣達,87.0,Computex電腦展,2025,2025-05-20,-3,53.51,1.62
2025-05-16,廣達,56.0,Computex電腦展,2025,2025-05-20,-2,53.64,1.04
2025-05-19,廣達,31.33,Computex電腦展,2025,2025-05-20,-1,52.52,0.6
2025-05-20,廣達,58.0,Computex電腦展,2025,2025-05-20,0,53.68,1.08
2025-05-21,廣達,58.0,Computex電腦展,2025,2025-05-20,1,53.92,1.07
2025-05-22,廣達,50.0,Computex電腦展,2025,2025-05-20,2,53.78,0.93
2025-05-23,廣達,52.0,Computex電腦展,2025,2025-05-20,3,53.78,0.97
2025-05-26,廣達,31.33,Computex電腦展,2025,2025-05-20,4,52.34,0.6
2025-05-27,廣達,51.0,Computex電腦展,2025,2025-05-20,5,53.24,0.96
2025-05-28,廣達,55.0,Computex電腦展,2025,2025-05-20,6,53.04,1.04
2025-04-21,華碩,37.0,Computex電腦展,2025,2025-05-20,-20,37.0,1.0
2025-04-22,華碩,41.0,Computex電腦展,2025,2025-05-20,-19,39.0,1.05
2025-04-23,華碩,43.0,Computex電腦展,2025,2025-05-20,-18,40.33,1.06
2025-04-24,華碩,41.0,Computex電腦展,2025,2025-05-20,-17,40.5,1.01
2025-04-25,華碩,45.0,Computex電腦展,2025,2025-05-20,-16,41.4,1.08
2025-04-28,華碩,33.33,Computex電腦展,2025,2025-05-20,-15,40.06,0.83
2025-04-29,華碩,36.0,Computex電腦展,2025,2025-05-20,-14,39.48,0.91
2025-04-30,華碩,38.0,Computex電腦展,2025,2025-05-20,-13,39.29,0.96
2025-05-02,華碩,35.0,Computex電腦展,2025,2025-05-20,-12,38.81,0.9
2025-05-05,華碩,35.67,Computex電腦展,2025,2025-05-20,-11,38.5,0.92
2025-05-06,華碩,41.0,Computex電腦展,2025,2025-05-20,-10,38.73,1.06
2025-05-07,華碩,42.0,Computex電腦展,2025,2025-05-20,-9,39.0,1.07
2025-05-08,華碩,44.0,Computex電腦展,2025,2025-05-20,-8,39.38,1.11
2025-05-09,華碩,45.0,Computex電腦展,2025,2025-05-20,-7,39.79,1.13
2025-05-12,華碩,34.67,Computex電腦展,2025,2025-05-20,-6,39.44,0.88
2025-05-13,華碩,49.0,Computex電腦展,2025,2025-05-20,-5,40.04,1.22
2025-05-14,華碩,44.0,Computex電腦展,2025,2025-05-20,-4,40.27,1.09
2025-05-15,華碩,44.0,Computex電腦展,2025,2025-05-20,-3,40.48,1.08
2025-05-16,華碩,50.0,Computex電腦展,2025,2025-05-20,-2,40.98,1.22
2025-05-19,華碩,41.67,Computex電腦展,2025,2025-05-20,-1,41.02,1.01
2025-05-20,華碩,42.0,Computex電腦展,2025,2025-05-20,0,41.27,1.02
2025-05-21,華碩,48.0,Computex電腦展,2025,2025-05-20,1,41.62,1.15
2025-05-22,華碩,45.0,Computex電腦展,2025,2025-05-20,2,41.72,1.08
2025-05-23,華碩,44.0,Computex電腦展,2025,2025-05-20,3,41.87,1.05
2025-05-26,華碩,38.67,Computex電腦展,2025,2025-05-20,4,41.55,0.93
2025-05-27,華碩,41.0,Computex電腦展,2025,2025-05-20,5,41.93,0.98
2025-05-28,華碩,49.0,Computex電腦展,2025,2025-05-20,6,42.58,1.15
2025-04-21,威盛,2.5,Computex電腦展,2025,2025-05-20,-20,2.5,0.96
2025-04-22,威盛,4.0,Computex電腦展,2025,2025-05-20,-19,3.25,1.19
2025-04-23,威盛,0.0,Computex電腦展,2025,2025-05-20,-18,2.17,0.0
2025-04-24,威盛,8.0,Computex電腦展,2025,2025-05-20,-17,3.62,2.15
2025-04-25,威盛,0.0,Computex電腦展,2025,2025-05-20,-16,2.9,0.0
2025-04-28,威盛,0.0,Computex電腦展,2025,2025-05-20,-15,2.42,0.0
2025-04-29,威盛,0.0,Computex電腦展,2025,2025-05-20,-14,2.07,0.0
2025-04-30,威盛,0.0,Computex電腦展,2025,2025-05-20,-13,1.81,0.0
2025-05-02,威盛,0.0,Computex電腦展,2025,2025-05-20,-12,1.61,0.0
2025-05-05,威盛,1.67,Computex電腦展,2025,2025-05-20,-11,1.62,0.97
2025-05-06,威盛,7.0,Computex電腦展,2025,2025-05-20,-10,2.11,3.17
2025-05-07,威盛,4.0,Computex電腦展,2025,2025-05-20,-9,2.26,1.69
2025-05-08,威盛,7.0,Computex電腦展,2025,2025-05-20,-8,2.63,2.56
2025-05-09,威盛,5.0,Computex電腦展,2025,2025-05-20,-7,2.8,1.72
2025-05-12,威盛,2.0,Computex電腦展,2025,2025-05-20,-6,2.74,0.7
2025-05-13,威盛,7.0,Computex電腦展,2025,2025-05-20,-5,3.01,2.25
2025-05-14,威盛,4.0,Computex電腦展,2025,2025-05-20,-4,3.07,1.26
2025-05-15,威盛,6.0,Computex電腦展,2025,2025-05-20,-3,3.23,1.8
2025-05-16,威盛,4.0,Computex電腦展,2025,2025-05-20,-2,3.27,1.19
2025-05-19,威盛,1.67,Computex電腦展,2025,2025-05-20,-1,3.19,0.51
2025-05-20,威盛,7.0,Computex電腦展,2025,2025-05-20,0,3.42,1.99
2025-05-21,威盛,0.0,Computex電腦展,2025,2025-05-20,1,3.22,0.0
2025-05-22,威盛,0.0,Computex電腦展,2025,2025-05-20,2,3.22,0.0
2025-05-23,威盛,7.0,Computex電腦展,2025,2025-05-20,3,3.17,2.14
2025-05-26,威盛,1.33,Computex電腦展,2025,2025-05-20,4,3.23,0.4
2025-05-27,威盛,0.0,Computex電腦展,2025,2025-05-20,5,3.23,0.0
2025-05-28,威盛,7.0,Computex電腦展,2025,2025-05-20,6,3.58,1.9
2025-04-21,迎廣,2.5,Computex電腦展,2025,2025-05-20,-20,2.5,0.96
2025-04-22,迎廣,0.0,Computex電腦展,2025,2025-05-20,-19,1.25,0.0
2025-04-23,迎廣,0.0,Computex電腦展,2025,2025-05-20,-18,0.83,0.0
2025-04-24,迎廣,0.0,Computex電腦展,2025,2025-05-20,-17,0.62,0.0
2025-04-25,迎廣,0.0,Computex電腦展,2025,2025-05-20,-16,0.5,0.0
2025-04-28,迎廣,0.0,Computex電腦展,2025,2025-05-20,-15,0.42,0.0
2025-04-29,迎廣,0.0,Computex電腦展,2025,2025-05-20,-14,0.36,0.0
2025-04-30,迎廣,4.0,Computex電腦展,2025,2025-05-20,-13,0.81,4.4
2025-05-02,迎廣,0.0,Computex電腦展,2025,2025-05-20,-12,0.72,0.0
2025-05-05,迎廣,0.0,Computex電腦展,2025,2025-05-20,-11,0.65,0.0
2025-05-06,迎廣,0.0,Computex電腦展,2025,2025-05-20,-10,0.59,0.0
2025-05-07,迎廣,0.0,Computex電腦展,2025,2025-05-20,-9,0.54,0.0
2025-05-08,迎廣,0.0,Computex電腦展,2025,2025-05-20,-8,0.5,0.0
2025-05-09,迎廣,0.0,Computex電腦展,2025,2025-05-20,-7,0.46,0.0
2025-05-12,迎廣,0.0,Computex電腦展,2025,2025-05-20,-6,0.43,0.0
2025-05-13,迎廣,0.0,Computex電腦展,2025,2025-05-20,-5,0.41,0.0
2025-05-14,迎廣,4.0,Computex電腦展,2025,2025-05-20,-4,0.62,5.56
2025-05-15,迎廣,4.0,Computex電腦展,2025,2025-05-20,-3,0.81,4.4
2025-05-16,迎廣,0.0,Computex電腦展,2025,2025-05-20,-2,0.76,0.0
2025-05-19,迎廣,0.0,Computex電腦展,2025,2025-05-20,-1,0.72,0.0
2025-05-20,迎廣,0.0,Computex電腦展,2025,2025-05-20,0,0.6,0.0
2025-05-21,迎廣,0.0,Computex電腦展,2025,2025-05-20,1,0.6,0.0
2025-05-22,迎廣,4.0,Computex電腦展,2025,2025-05-20,2,0.8,4.44
2025-05-23,迎廣,0.0,Computex電腦展,2025,2025-05-20,3,0.8,0.0
2025-05-26,迎廣,0.0,Computex電腦展,2025,2025-05-20,4,0.8,0.0
2025-05-27,迎廣,0.0,Computex電腦展,2025,2025-05-20,5,0.8,0.0
2025-05-28,迎廣,6.0,Computex電腦展,2025,2025-05-20,6,1.1,5.0
