date,上銀,研華,所羅門,直得,Date,MA20_上銀,Daily_Spike_上銀,MA20_研華,Daily_Spike_研華,MA20_所羅門,Daily_Spike_所羅門,MA20_直得,Daily_Spike_直得
2026-07-01,55,29,31,0,2026-07-01,55.0,1.0,29.0,1.0,31.0,1.0,0.0,0.0
2026-07-02,55,27,61,18,2026-07-02,55.0,1.0,28.0,0.96,46.0,1.32,9.0,1.98
2026-07-03,45,31,45,15,2026-07-03,51.67,0.87,29.0,1.07,45.67,0.98,11.0,1.35
2026-07-04,20,16,23,0,2026-07-04,43.75,0.46,25.75,0.62,40.0,0.57,8.25,0.0
2026-07-05,43,24,26,0,2026-07-05,43.6,0.98,25.4,0.94,37.2,0.7,6.6,0.0
2026-07-06,47,41,39,12,2026-07-06,44.17,1.06,28.0,1.46,37.5,1.04,7.5,1.58
2026-07-07,60,45,37,0,2026-07-07,46.43,1.29,30.43,1.47,37.43,0.99,6.43,0.0
2026-07-08,47,68,24,0,2026-07-08,46.5,1.01,35.12,1.93,35.75,0.67,5.62,0.0
2026-07-09,46,39,25,25,2026-07-09,46.44,0.99,35.56,1.09,34.56,0.72,7.78,3.17
2026-07-10,22,22,16,0,2026-07-10,44.0,0.5,34.2,0.64,32.7,0.49,7.0,0.0
2026-07-11,0,0,0,0,2026-07-11,40.0,0.0,31.09,0.0,29.73,0.0,6.36,0.0
2026-07-12,17,17,0,0,2026-07-12,38.08,0.45,29.92,0.57,27.25,0.0,5.83,0.0
2026-07-13,51,47,93,18,2026-07-13,39.08,1.3,31.23,1.5,32.31,2.87,6.77,2.62
2026-07-14,38,33,40,0,2026-07-14,39.0,0.97,31.36,1.05,32.86,1.21,6.29,0.0
2026-07-15,33,22,46,0,2026-07-15,38.6,0.85,30.73,0.71,33.73,1.36,5.87,0.0
2026-07-16,48,26,22,14,2026-07-16,39.19,1.22,30.44,0.85,33.0,0.66,6.38,2.16
2026-07-17,48,32,41,17,2026-07-17,39.71,1.21,30.53,1.04,33.47,1.22,7.0,2.39
2026-07-18,19,16,28,0,2026-07-18,38.56,0.49,29.72,0.54,33.17,0.84,6.61,0.0
2026-07-19,0,0,0,0,2026-07-19,36.53,0.0,28.16,0.0,31.42,0.0,6.26,0.0
2026-07-20,0,31,0,0,2026-07-20,34.7,0.0,28.3,1.09,29.85,0.0,5.95,0.0
2026-07-21,44,73,22,14,2026-07-21,34.15,1.28,30.5,2.39,29.4,0.75,6.65,2.07
2026-07-22,43,71,37,15,2026-07-22,33.55,1.28,32.7,2.16,28.2,1.31,6.5,2.27
2026-07-23,43,54,24,0,2026-07-23,33.45,1.28,33.85,1.59,27.15,0.88,5.75,0.0
2026-07-24,39,51,32,0,2026-07-24,34.4,1.13,35.6,1.43,27.6,1.16,5.75,0.0
2026-07-25,0,0,23,0,2026-07-25,32.25,0.0,34.4,0.0,27.45,0.83,5.75,0.0
2026-07-26,0,0,18,0,2026-07-26,29.9,0.0,32.35,0.0,26.4,0.68,5.15,0.0
2026-07-27,40,37,38,0,2026-07-27,28.9,1.38,31.95,1.15,26.45,1.43,5.15,0.0
2026-07-28,44,38,29,18,2026-07-28,28.75,1.53,30.45,1.24,26.7,1.08,6.05,2.93
2026-07-29,36,33,34,13,2026-07-29,28.25,1.27,30.15,1.09,27.15,1.25,5.45,2.34
2026-07-30,41,37,40,0,2026-07-30,29.2,1.4,30.9,1.19,28.35,1.41,5.45,0.0
2026-07-31,34,45,47,23,2026-07-31,30.9,1.1,33.15,1.35,30.7,1.53,6.6,3.43
2026-08-01,16,20,17,0,2026-08-01,30.85,0.52,33.3,0.6,31.55,0.54,6.6,0.0
2026-08-02,17,26,0,0,2026-08-02,29.15,0.58,32.25,0.8,26.9,0.0,5.7,0.0
2026-08-03,34,48,34,13,2026-08-03,28.95,1.17,33.0,1.45,26.6,1.27,6.35,2.02
2026-08-04,55,32,22,14,2026-08-04,30.05,1.82,33.5,0.95,25.4,0.86,7.05,1.96
2026-08-05,63,100,40,0,2026-08-05,30.8,2.04,37.2,2.68,26.3,1.52,6.35,0.0
2026-08-06,68,67,43,17,2026-08-06,31.8,2.13,38.95,1.72,26.4,1.62,6.35,2.64
2026-08-07,84,63,35,0,2026-08-07,35.05,2.39,41.3,1.52,26.75,1.3,6.35,0.0
2026-08-08,25,25,23,0,2026-08-08,36.3,0.69,42.55,0.59,27.9,0.82,6.35,0.0
2026-08-09,31,23,27,0,2026-08-09,37.85,0.82,42.15,0.54,29.25,0.92,6.35,0.0
2026-08-10,85,59,43,20,2026-08-10,39.9,2.12,41.45,1.42,30.3,1.41,6.65,2.96
2026-08-11,52,48,39,0,2026-08-11,40.35,1.29,40.3,1.19,30.4,1.28,5.9,0.0
2026-08-12,70,62,53,15,2026-08-12,41.7,1.67,40.7,1.52,31.85,1.66,6.65,2.22
2026-08-13,79,41,52,18,2026-08-13,43.7,1.8,40.2,1.02,32.85,1.58,7.55,2.35
2026-08-14,52,32,58,15,2026-08-14,46.3,1.12,41.8,0.76,34.6,1.67,8.3,1.79
2026-08-15,21,20,0,0,2026-08-15,47.35,0.44,42.8,0.47,33.7,0.0,8.3,0.0
2026-08-16,20,18,22,23,2026-08-16,46.35,0.43,41.85,0.43,32.9,0.67,9.45,2.41
2026-08-17,56,33,82,14,2026-08-17,46.95,1.19,41.6,0.79,35.55,2.3,9.25,1.5
2026-08-18,50,52,60,0,2026-08-18,47.65,1.05,42.55,1.22,36.85,1.62,8.6,0.0
2026-08-19,51,42,81,16,2026-08-19,48.15,1.06,42.8,0.98,38.9,2.08,9.4,1.68
2026-08-20,51,38,74,0,2026-08-20,49.0,1.04,42.45,0.89,40.25,1.83,8.25,0.0
2026-08-21,44,44,54,0,2026-08-21,50.4,0.87,43.65,1.01,42.1,1.28,8.25,0.0
2026-08-22,26,0,32,0,2026-08-22,50.85,0.51,42.35,0.0,43.7,0.73,8.25,0.0
2026-08-23,0,0,0,0,2026-08-23,49.15,0.0,39.95,0.0,42.0,0.0,7.6,0.0
2026-08-24,56,42,39,18,2026-08-24,49.2,1.14,40.45,1.04,42.85,0.91,7.8,2.28
2026-08-25,43,36,38,11,2026-08-25,48.2,0.89,37.25,0.96,42.75,0.89,8.35,1.3
2026-08-26,42,33,40,11,2026-08-26,46.9,0.89,35.55,0.93,42.6,0.94,8.05,1.35
2026-08-27,40,33,39,20,2026-08-27,44.7,0.89,34.05,0.97,42.8,0.91,9.05,2.19
2026-08-28,39,28,34,19,2026-08-28,45.4,0.86,34.2,0.82,43.35,0.78,10.0,1.88
2026-08-29,18,11,16,7,2026-08-29,44.75,0.4,33.6,0.33,42.8,0.37,10.35,0.67
2026-08-30,17,11,18,9,2026-08-30,41.35,0.41,31.2,0.35,41.55,0.43,9.8,0.91
2026-08-31,40,33,31,15,2026-08-31,40.75,0.98,30.45,1.08,41.15,0.75,10.55,1.41
2026-09-01,37,36,31,12,2026-09-01,39.1,0.94,29.15,1.23,40.05,0.77,10.4,1.14
