Stock,Date,Relative_Date,Begin_price,Current_price,Accumulate_ret,Accumulate_ave_ret,Exhibition,Year
上銀,2026-07-20,-22,320.5,300.0,-6.4,-6.4,Tairos機器人展,2026
上銀,2026-07-21,-21,320.5,305.0,-4.84,-2.42,Tairos機器人展,2026
上銀,2026-07-22,-20,320.5,320.5,0.0,0.0,Tairos機器人展,2026
上銀,2026-07-23,-19,320.5,319.5,-0.31,-0.08,Tairos機器人展,2026
上銀,2026-07-24,-18,320.5,313.0,-2.34,-0.47,Tairos機器人展,2026
上銀,2026-07-27,-17,320.5,323.0,0.78,0.13,Tairos機器人展,2026
上銀,2026-07-28,-16,320.5,300.0,-6.4,-0.91,Tairos機器人展,2026
上銀,2026-07-29,-15,320.5,290.5,-9.36,-1.17,Tairos機器人展,2026
上銀,2026-07-30,-14,320.5,283.0,-11.7,-1.3,Tairos機器人展,2026
上銀,2026-07-31,-13,320.5,304.5,-4.99,-0.5,Tairos機器人展,2026
上銀,2026-08-03,-12,320.5,332.0,3.59,0.33,Tairos機器人展,2026
上銀,2026-08-04,-11,320.5,332.0,3.59,0.3,Tairos機器人展,2026
上銀,2026-08-05,-10,320.5,365.0,13.88,1.07,Tairos機器人展,2026
上銀,2026-08-06,-9,320.5,362.0,12.95,0.92,Tairos機器人展,2026
上銀,2026-08-07,-8,320.5,387.0,20.75,1.38,Tairos機器人展,2026
上銀,2026-08-10,-7,320.5,387.0,20.75,1.3,Tairos機器人展,2026
上銀,2026-08-11,-6,320.5,368.0,14.82,0.87,Tairos機器人展,2026
上銀,2026-08-12,-5,320.5,369.0,15.13,0.84,Tairos機器人展,2026
上銀,2026-08-13,-4,320.5,381.0,18.88,0.99,Tairos機器人展,2026
上銀,2026-08-14,-3,320.5,373.5,16.54,0.83,Tairos機器人展,2026
上銀,2026-08-17,-2,320.5,381.5,19.03,0.91,Tairos機器人展,2026
上銀,2026-08-18,-1,320.5,368.0,14.82,0.67,Tairos機器人展,2026
上銀,2026-08-19,0,320.5,367.0,14.51,0.63,Tairos機器人展,2026
上銀,2026-08-20,1,320.5,366.5,14.35,0.6,Tairos機器人展,2026
上銀,2026-08-21,2,320.5,349.0,8.89,0.36,Tairos機器人展,2026
上銀,2026-08-24,3,320.5,343.5,7.18,0.28,Tairos機器人展,2026
上銀,2026-08-25,4,320.5,345.5,7.8,0.29,Tairos機器人展,2026
上銀,2026-08-26,5,320.5,353.0,10.14,0.36,Tairos機器人展,2026
上銀,2026-08-27,6,320.5,359.5,12.17,0.42,Tairos機器人展,2026
研華,2026-07-20,-22,596.0,516.0,-13.42,-13.42,Tairos機器人展,2026
研華,2026-07-21,-21,596.0,567.0,-4.87,-2.43,Tairos機器人展,2026
研華,2026-07-22,-20,596.0,596.0,0.0,0.0,Tairos機器人展,2026
研華,2026-07-23,-19,596.0,600.0,0.67,0.17,Tairos機器人展,2026
研華,2026-07-24,-18,596.0,581.0,-2.52,-0.5,Tairos機器人展,2026
研華,2026-07-27,-17,596.0,577.0,-3.19,-0.53,Tairos機器人展,2026
研華,2026-07-28,-16,596.0,556.0,-6.71,-0.96,Tairos機器人展,2026
研華,2026-07-29,-15,596.0,550.0,-7.72,-0.96,Tairos機器人展,2026
研華,2026-07-30,-14,596.0,547.0,-8.22,-0.91,Tairos機器人展,2026
研華,2026-07-31,-13,596.0,563.0,-5.54,-0.55,Tairos機器人展,2026
研華,2026-08-03,-12,596.0,576.0,-3.36,-0.31,Tairos機器人展,2026
研華,2026-08-04,-11,596.0,576.0,-3.36,-0.28,Tairos機器人展,2026
研華,2026-08-05,-10,596.0,633.0,6.21,0.48,Tairos機器人展,2026
研華,2026-08-06,-9,596.0,622.0,4.36,0.31,Tairos機器人展,2026
研華,2026-08-07,-8,596.0,634.0,6.38,0.43,Tairos機器人展,2026
研華,2026-08-10,-7,596.0,667.0,11.91,0.74,Tairos機器人展,2026
研華,2026-08-11,-6,596.0,661.0,10.91,0.64,Tairos機器人展,2026
研華,2026-08-12,-5,596.0,686.0,15.1,0.84,Tairos機器人展,2026
研華,2026-08-13,-4,596.0,698.0,17.11,0.9,Tairos機器人展,2026
研華,2026-08-14,-3,596.0,683.0,14.6,0.73,Tairos機器人展,2026
研華,2026-08-17,-2,596.0,674.0,13.09,0.62,Tairos機器人展,2026
研華,2026-08-18,-1,596.0,679.0,13.93,0.63,Tairos機器人展,2026
研華,2026-08-19,0,596.0,694.0,16.44,0.71,Tairos機器人展,2026
研華,2026-08-20,1,596.0,673.0,12.92,0.54,Tairos機器人展,2026
研華,2026-08-21,2,596.0,649.0,8.89,0.36,Tairos機器人展,2026
研華,2026-08-24,3,596.0,658.0,10.4,0.4,Tairos機器人展,2026
研華,2026-08-25,4,596.0,670.0,12.42,0.46,Tairos機器人展,2026
研華,2026-08-26,5,596.0,688.0,15.44,0.55,Tairos機器人展,2026
研華,2026-08-27,6,596.0,675.0,13.26,0.46,Tairos機器人展,2026
所羅門,2026-07-20,-22,139.0,134.5,-3.24,-3.24,Tairos機器人展,2026
所羅門,2026-07-21,-21,139.0,138.5,-0.36,-0.18,Tairos機器人展,2026
所羅門,2026-07-22,-20,139.0,139.0,0.0,0.0,Tairos機器人展,2026
所羅門,2026-07-23,-19,139.0,142.0,2.16,0.54,Tairos機器人展,2026
所羅門,2026-07-24,-18,139.0,145.0,4.32,0.86,Tairos機器人展,2026
所羅門,2026-07-27,-17,139.0,144.5,3.96,0.66,Tairos機器人展,2026
所羅門,2026-07-28,-16,139.0,134.0,-3.6,-0.51,Tairos機器人展,2026
所羅門,2026-07-29,-15,139.0,137.0,-1.44,-0.18,Tairos機器人展,2026
所羅門,2026-07-30,-14,139.0,123.5,-11.15,-1.24,Tairos機器人展,2026
所羅門,2026-07-31,-13,139.0,121.0,-12.95,-1.29,Tairos機器人展,2026
所羅門,2026-08-03,-12,139.0,132.5,-4.68,-0.43,Tairos機器人展,2026
所羅門,2026-08-04,-11,139.0,132.0,-5.04,-0.42,Tairos機器人展,2026
所羅門,2026-08-05,-10,139.0,145.0,4.32,0.33,Tairos機器人展,2026
所羅門,2026-08-06,-9,139.0,144.5,3.96,0.28,Tairos機器人展,2026
所羅門,2026-08-07,-8,139.0,143.5,3.24,0.22,Tairos機器人展,2026
所羅門,2026-08-10,-7,139.0,153.5,10.43,0.65,Tairos機器人展,2026
所羅門,2026-08-11,-6,139.0,140.5,1.08,0.06,Tairos機器人展,2026
所羅門,2026-08-12,-5,139.0,143.0,2.88,0.16,Tairos機器人展,2026
所羅門,2026-08-13,-4,139.0,157.0,12.95,0.68,Tairos機器人展,2026
所羅門,2026-08-14,-3,139.0,159.5,14.75,0.74,Tairos機器人展,2026
所羅門,2026-08-17,-2,139.0,175.0,25.9,1.23,Tairos機器人展,2026
所羅門,2026-08-18,-1,139.0,177.5,27.7,1.26,Tairos機器人展,2026
所羅門,2026-08-19,0,139.0,161.0,15.83,0.69,Tairos機器人展,2026
所羅門,2026-08-20,1,139.0,158.0,13.67,0.57,Tairos機器人展,2026
所羅門,2026-08-21,2,139.0,150.0,7.91,0.32,Tairos機器人展,2026
所羅門,2026-08-24,3,139.0,145.5,4.68,0.18,Tairos機器人展,2026
所羅門,2026-08-25,4,139.0,145.0,4.32,0.16,Tairos機器人展,2026
所羅門,2026-08-26,5,139.0,146.5,5.4,0.19,Tairos機器人展,2026
所羅門,2026-08-27,6,139.0,147.5,6.12,0.21,Tairos機器人展,2026
直得,2026-07-20,-22,128.33111572265625,121.3674087524414,-5.43,-5.43,Tairos機器人展,2026
直得,2026-07-21,-21,128.33111572265625,124.3518524169922,-3.1,-1.55,Tairos機器人展,2026
直得,2026-07-22,-20,128.33111572265625,128.33111572265625,0.0,0.0,Tairos機器人展,2026
直得,2026-07-23,-19,128.33111572265625,133.80259704589844,4.26,1.07,Tairos機器人展,2026
直得,2026-07-24,-18,128.33111572265625,125.34666442871094,-2.33,-0.47,Tairos機器人展,2026
直得,2026-07-27,-17,128.33111572265625,127.83370208740234,-0.39,-0.06,Tairos機器人展,2026
直得,2026-07-28,-16,128.33111572265625,116.89073944091795,-8.91,-1.27,Tairos機器人展,2026
直得,2026-07-29,-15,128.33111572265625,108.93222045898438,-15.12,-1.89,Tairos機器人展,2026
直得,2026-07-30,-14,128.33111572265625,103.4607391357422,-19.38,-2.15,Tairos機器人展,2026
直得,2026-07-31,-13,128.33111572265625,113.4088897705078,-11.63,-1.16,Tairos機器人展,2026
直得,2026-08-03,-12,128.33111572265625,124.3518524169922,-3.1,-0.28,Tairos機器人展,2026
直得,2026-08-04,-11,128.33111572265625,130.32073974609375,1.55,0.13,Tairos機器人展,2026
直得,2026-08-05,-10,128.33111572265625,136.7870330810547,6.59,0.51,Tairos機器人展,2026
直得,2026-08-06,-9,128.33111572265625,142.25851440429688,10.85,0.78,Tairos機器人展,2026
直得,2026-08-07,-8,128.33111572265625,140.26889038085938,9.3,0.62,Tairos機器人展,2026
直得,2026-08-10,-7,128.33111572265625,148.22740173339844,15.5,0.97,Tairos機器人展,2026
直得,2026-08-11,-6,128.33111572265625,147.2325897216797,14.73,0.87,Tairos機器人展,2026
直得,2026-08-12,-5,128.33111572265625,148.22740173339844,15.5,0.86,Tairos機器人展,2026
直得,2026-08-13,-4,128.33111572265625,149.22222900390625,16.28,0.86,Tairos機器人展,2026
直得,2026-08-14,-3,128.33111572265625,142.75592041015625,11.24,0.56,Tairos機器人展,2026
直得,2026-08-17,-2,128.33111572265625,144.24815368652344,12.4,0.59,Tairos機器人展,2026
直得,2026-08-18,-1,128.33111572265625,138.77667236328125,8.14,0.37,Tairos機器人展,2026
直得,2026-08-19,0,128.33111572265625,134.3000030517578,4.65,0.2,Tairos機器人展,2026
直得,2026-08-20,1,128.33111572265625,135.0,5.2,0.22,Tairos機器人展,2026
直得,2026-08-21,2,128.33111572265625,133.0,3.64,0.15,Tairos機器人展,2026
直得,2026-08-24,3,128.33111572265625,131.5,2.47,0.09,Tairos機器人展,2026
直得,2026-08-25,4,128.33111572265625,130.0,1.3,0.05,Tairos機器人展,2026
直得,2026-08-26,5,128.33111572265625,134.5,4.81,0.17,Tairos機器人展,2026
直得,2026-08-27,6,128.33111572265625,147.5,14.94,0.52,Tairos機器人展,2026
上銀,2025-07-21,-21,207.78665161132807,213.75181579589844,2.87,2.87,Tairos機器人展,2025
上銀,2025-07-22,-20,207.78665161132807,207.78665161132807,0.0,0.0,Tairos機器人展,2025
上銀,2025-07-23,-19,207.78665161132807,216.2373046875,4.07,1.36,Tairos機器人展,2025
上銀,2025-07-24,-18,207.78665161132807,215.74020385742188,3.83,0.96,Tairos機器人展,2025
上銀,2025-07-25,-17,207.78665161132807,215.2431182861328,3.59,0.72,Tairos機器人展,2025
上銀,2025-07-28,-16,207.78665161132807,212.75762939453125,2.39,0.4,Tairos機器人展,2025
上銀,2025-07-29,-15,207.78665161132807,211.26632690429688,1.67,0.24,Tairos機器人展,2025
上銀,2025-07-30,-14,207.78665161132807,213.2547149658203,2.63,0.33,Tairos機器人展,2025
上銀,2025-07-31,-13,207.78665161132807,211.26632690429688,1.67,0.19,Tairos機器人展,2025
上銀,2025-08-04,-12,207.78665161132807,208.7808532714844,0.48,0.05,Tairos機器人展,2025
上銀,2025-08-05,-11,207.78665161132807,210.2721405029297,1.2,0.11,Tairos機器人展,2025
上銀,2025-08-06,-10,207.78665161132807,207.78665161132807,0.0,0.0,Tairos機器人展,2025
上銀,2025-08-07,-9,207.78665161132807,210.2721405029297,1.2,0.09,Tairos機器人展,2025
上銀,2025-08-08,-8,207.78665161132807,214.7460174560547,3.35,0.24,Tairos機器人展,2025
上銀,2025-08-11,-7,207.78665161132807,215.2431182861328,3.59,0.24,Tairos機器人展,2025
上銀,2025-08-12,-6,207.78665161132807,212.26052856445312,2.15,0.13,Tairos機器人展,2025
上銀,2025-08-13,-5,207.78665161132807,207.78665161132807,0.0,0.0,Tairos機器人展,2025
上銀,2025-08-14,-4,207.78665161132807,206.2953643798828,-0.72,-0.04,Tairos機器人展,2025
上銀,2025-08-15,-3,207.78665161132807,208.7808532714844,0.48,0.03,Tairos機器人展,2025
上銀,2025-08-18,-2,207.78665161132807,217.23150634765625,4.55,0.23,Tairos機器人展,2025
上銀,2025-08-19,-1,207.78665161132807,210.2721405029297,1.2,0.06,Tairos機器人展,2025
上銀,2025-08-20,0,207.78665161132807,201.8214874267578,-2.87,-0.13,Tairos機器人展,2025
上銀,2025-08-21,1,207.78665161132807,204.80406188964844,-1.44,-0.06,Tairos機器人展,2025
上銀,2025-08-22,2,207.78665161132807,201.8214874267578,-2.87,-0.12,Tairos機器人展,2025
上銀,2025-08-25,3,207.78665161132807,213.75181579589844,2.87,0.11,Tairos機器人展,2025
上銀,2025-08-26,4,207.78665161132807,212.75762939453125,2.39,0.09,Tairos機器人展,2025
上銀,2025-08-27,5,207.78665161132807,213.75181579589844,2.87,0.11,Tairos機器人展,2025
上銀,2025-08-28,6,207.78665161132807,214.24891662597656,3.11,0.11,Tairos機器人展,2025
研華,2025-07-21,-21,327.4574890136719,333.3311767578125,1.79,1.79,Tairos機器人展,2025
研華,2025-07-22,-20,327.4574890136719,327.4574890136719,0.0,0.0,Tairos機器人展,2025
研華,2025-07-23,-19,327.4574890136719,331.8627319335937,1.35,0.45,Tairos機器人展,2025
研華,2025-07-24,-18,327.4574890136719,330.8837890625,1.05,0.26,Tairos機器人展,2025
研華,2025-07-25,-17,327.4574890136719,333.8206481933594,1.94,0.39,Tairos機器人展,2025
研華,2025-07-28,-16,327.4574890136719,332.8417053222656,1.64,0.27,Tairos機器人展,2025
研華,2025-07-29,-15,327.4574890136719,325.98907470703125,-0.45,-0.06,Tairos機器人展,2025
研華,2025-07-30,-14,327.4574890136719,331.8627319335937,1.35,0.17,Tairos機器人展,2025
研華,2025-07-31,-13,327.4574890136719,328.4364318847656,0.3,0.03,Tairos機器人展,2025
研華,2025-08-04,-12,327.4574890136719,316.1996154785156,-3.44,-0.34,Tairos機器人展,2025
研華,2025-08-05,-11,327.4574890136719,321.0943298339844,-1.94,-0.18,Tairos機器人展,2025
研華,2025-08-06,-10,327.4574890136719,318.64697265625,-2.69,-0.22,Tairos機器人展,2025
研華,2025-08-07,-9,327.4574890136719,322.0732727050781,-1.64,-0.13,Tairos機器人展,2025
研華,2025-08-08,-8,327.4574890136719,315.2206726074219,-3.74,-0.27,Tairos機器人展,2025
研華,2025-08-11,-7,327.4574890136719,312.2838134765625,-4.63,-0.31,Tairos機器人展,2025
研華,2025-08-12,-6,327.4574890136719,312.2838134765625,-4.63,-0.29,Tairos機器人展,2025
研華,2025-08-13,-5,327.4574890136719,308.8575134277344,-5.68,-0.33,Tairos機器人展,2025
研華,2025-08-14,-4,327.4574890136719,308.3680419921875,-5.83,-0.32,Tairos機器人展,2025
研華,2025-08-15,-3,327.4574890136719,311.30487060546875,-4.93,-0.26,Tairos機器人展,2025
研華,2025-08-18,-2,327.4574890136719,308.3680419921875,-5.83,-0.29,Tairos機器人展,2025
研華,2025-08-19,-1,327.4574890136719,308.8575134277344,-5.68,-0.27,Tairos機器人展,2025
研華,2025-08-20,0,327.4574890136719,303.4732971191406,-7.32,-0.33,Tairos機器人展,2025
研華,2025-08-21,1,327.4574890136719,308.3680419921875,-5.83,-0.25,Tairos機器人展,2025
研華,2025-08-22,2,327.4574890136719,308.3680419921875,-5.83,-0.24,Tairos機器人展,2025
研華,2025-08-25,3,327.4574890136719,312.2838134765625,-4.63,-0.19,Tairos機器人展,2025
研華,2025-08-26,4,327.4574890136719,315.2206726074219,-3.74,-0.14,Tairos機器人展,2025
研華,2025-08-27,5,327.4574890136719,346.54693603515625,5.83,0.22,Tairos機器人展,2025
研華,2025-08-28,6,327.4574890136719,347.0364074707031,5.98,0.21,Tairos機器人展,2025
所羅門,2025-07-21,-21,136.01438903808594,141.97122192382812,4.38,4.38,Tairos機器人展,2025
所羅門,2025-07-22,-20,136.01438903808594,136.01438903808594,0.0,0.0,Tairos機器人展,2025
所羅門,2025-07-23,-19,136.01438903808594,142.9640350341797,5.11,1.7,Tairos機器人展,2025
所羅門,2025-07-24,-18,136.01438903808594,143.9568328857422,5.84,1.46,Tairos機器人展,2025
所羅門,2025-07-25,-17,136.01438903808594,140.48202514648438,3.28,0.66,Tairos機器人展,2025
所羅門,2025-07-28,-16,136.01438903808594,139.98561096191406,2.92,0.49,Tairos機器人展,2025
所羅門,2025-07-29,-15,136.01438903808594,138.0,1.46,0.21,Tairos機器人展,2025
所羅門,2025-07-30,-14,136.01438903808594,138.49639892578125,1.82,0.23,Tairos機器人展,2025
所羅門,2025-07-31,-13,136.01438903808594,136.5107879638672,0.36,0.04,Tairos機器人展,2025
所羅門,2025-08-04,-12,136.01438903808594,142.46763610839844,4.74,0.47,Tairos機器人展,2025
所羅門,2025-08-05,-11,136.01438903808594,144.4532470703125,6.2,0.56,Tairos機器人展,2025
所羅門,2025-08-06,-10,136.01438903808594,142.46763610839844,4.74,0.4,Tairos機器人展,2025
所羅門,2025-08-07,-9,136.01438903808594,141.47482299804688,4.01,0.31,Tairos機器人展,2025
所羅門,2025-08-08,-8,136.01438903808594,143.46043395996094,5.47,0.39,Tairos機器人展,2025
所羅門,2025-08-11,-7,136.01438903808594,141.47482299804688,4.01,0.27,Tairos機器人展,2025
所羅門,2025-08-12,-6,136.01438903808594,143.9568328857422,5.84,0.36,Tairos機器人展,2025
所羅門,2025-08-13,-5,136.01438903808594,142.46763610839844,4.74,0.28,Tairos機器人展,2025
所羅門,2025-08-14,-4,136.01438903808594,140.48202514648438,3.28,0.18,Tairos機器人展,2025
所羅門,2025-08-15,-3,136.01438903808594,146.9352569580078,8.03,0.42,Tairos機器人展,2025
所羅門,2025-08-18,-2,136.01438903808594,150.4100799560547,10.58,0.53,Tairos機器人展,2025
所羅門,2025-08-19,-1,136.01438903808594,144.4532470703125,6.2,0.3,Tairos機器人展,2025
所羅門,2025-08-20,0,136.01438903808594,138.99281311035156,2.19,0.1,Tairos機器人展,2025
所羅門,2025-08-21,1,136.01438903808594,139.98561096191406,2.92,0.13,Tairos機器人展,2025
所羅門,2025-08-22,2,136.01438903808594,137.0072021484375,0.73,0.03,Tairos機器人展,2025
所羅門,2025-08-25,3,136.01438903808594,150.4100799560547,10.58,0.42,Tairos機器人展,2025
所羅門,2025-08-26,4,136.01438903808594,165.3021697998047,21.53,0.83,Tairos機器人展,2025
所羅門,2025-08-27,5,136.01438903808594,165.3021697998047,21.53,0.8,Tairos機器人展,2025
所羅門,2025-08-28,6,136.01438903808594,160.83453369140625,18.25,0.65,Tairos機器人展,2025
直得,2025-07-21,-21,80.90302276611328,83.27091979980469,2.93,2.93,Tairos機器人展,2025
直得,2025-07-22,-20,80.90302276611328,80.90302276611328,0.0,0.0,Tairos機器人展,2025
直得,2025-07-23,-19,80.90302276611328,83.76422882080078,3.54,1.18,Tairos機器人展,2025
直得,2025-07-24,-18,80.90302276611328,83.8628921508789,3.66,0.91,Tairos機器人展,2025
直得,2025-07-25,-17,80.90302276611328,84.06021118164062,3.9,0.78,Tairos機器人展,2025
直得,2025-07-28,-16,80.90302276611328,83.07359313964844,2.68,0.45,Tairos機器人展,2025
直得,2025-07-29,-15,80.90302276611328,81.98831176757812,1.34,0.19,Tairos機器人展,2025
直得,2025-07-30,-14,80.90302276611328,85.2441635131836,5.37,0.67,Tairos機器人展,2025
直得,2025-07-31,-13,80.90302276611328,84.25753784179688,4.15,0.46,Tairos機器人展,2025
直得,2025-08-04,-12,80.90302276611328,85.73747253417969,5.98,0.6,Tairos機器人展,2025
直得,2025-08-05,-11,80.90302276611328,85.73747253417969,5.98,0.54,Tairos機器人展,2025
直得,2025-08-06,-10,80.90302276611328,85.34282684326172,5.49,0.46,Tairos機器人展,2025
直得,2025-08-07,-9,80.90302276611328,84.06021118164062,3.9,0.3,Tairos機器人展,2025
直得,2025-08-08,-8,80.90302276611328,86.72409057617188,7.2,0.51,Tairos機器人展,2025
直得,2025-08-11,-7,80.90302276611328,90.47325897216795,11.83,0.79,Tairos機器人展,2025
直得,2025-08-12,-6,80.90302276611328,88.7959976196289,9.76,0.61,Tairos機器人展,2025
直得,2025-08-13,-5,80.90302276611328,89.58529663085938,10.73,0.63,Tairos機器人展,2025
直得,2025-08-14,-4,80.90302276611328,86.92141723632812,7.44,0.41,Tairos機器人展,2025
直得,2025-08-15,-3,80.90302276611328,89.28931427001953,10.37,0.55,Tairos機器人展,2025
直得,2025-08-18,-2,80.90302276611328,90.37459564208984,11.71,0.59,Tairos機器人展,2025
直得,2025-08-19,-1,80.90302276611328,88.00670623779297,8.78,0.42,Tairos機器人展,2025
直得,2025-08-20,0,80.90302276611328,83.8628921508789,3.66,0.17,Tairos機器人展,2025
直得,2025-08-21,1,80.90302276611328,84.85770416259766,4.89,0.21,Tairos機器人展,2025
直得,2025-08-22,2,80.90302276611328,84.55925750732422,4.52,0.19,Tairos機器人展,2025
直得,2025-08-25,3,80.90302276611328,87.64318084716797,8.33,0.33,Tairos機器人展,2025
直得,2025-08-26,4,80.90302276611328,88.33956146240234,9.19,0.35,Tairos機器人展,2025
直得,2025-08-27,5,80.90302276611328,87.74266052246094,8.45,0.31,Tairos機器人展,2025
直得,2025-08-28,6,80.90302276611328,88.73748016357422,9.68,0.35,Tairos機器人展,2025
廣達,2026-04-07,-39,307.856689453125,277.1669311523437,-9.97,-9.97,Computex電腦展,2026
廣達,2026-04-08,-38,307.856689453125,294.9094543457031,-4.21,-2.1,Computex電腦展,2026
廣達,2026-04-09,-37,307.856689453125,300.18426513671875,-2.49,-0.83,Computex電腦展,2026
廣達,2026-04-10,-36,307.856689453125,308.3362121582031,0.16,0.04,Computex電腦展,2026
廣達,2026-04-13,-35,307.856689453125,305.9385986328125,-0.62,-0.12,Computex電腦展,2026
廣達,2026-04-14,-34,307.856689453125,309.7748107910156,0.62,0.1,Computex電腦展,2026
廣達,2026-04-15,-33,307.856689453125,295.8684997558594,-3.89,-0.56,Computex電腦展,2026
廣達,2026-04-16,-32,307.856689453125,305.45904541015625,-0.78,-0.1,Computex電腦展,2026
廣達,2026-04-17,-31,307.856689453125,309.7748107910156,0.62,0.07,Computex電腦展,2026
廣達,2026-04-20,-30,307.856689453125,315.5291442871094,2.49,0.25,Computex電腦展,2026
廣達,2026-04-21,-29,307.856689453125,326.0787353515625,5.92,0.54,Computex電腦展,2026
廣達,2026-04-22,-28,307.856689453125,321.2834777832031,4.36,0.36,Computex電腦展,2026
廣達,2026-04-23,-27,307.856689453125,308.8157653808594,0.31,0.02,Computex電腦展,2026
廣達,2026-04-24,-26,307.856689453125,309.7748107910156,0.62,0.04,Computex電腦展,2026
廣達,2026-04-27,-25,307.856689453125,312.1724548339844,1.4,0.09,Computex電腦展,2026
廣達,2026-04-28,-24,307.856689453125,307.856689453125,0.0,0.0,Computex電腦展,2026
廣達,2026-04-29,-23,307.856689453125,308.8157653808594,0.31,0.02,Computex電腦展,2026
廣達,2026-04-30,-22,307.856689453125,299.7047119140625,-2.65,-0.15,Computex電腦展,2026
廣達,2026-05-04,-21,307.856689453125,304.9795227050781,-0.93,-0.05,Computex電腦展,2026
廣達,2026-05-05,-20,307.856689453125,307.856689453125,0.0,0.0,Computex電腦展,2026
廣達,2026-05-06,-19,307.856689453125,332.3125915527344,7.94,0.38,Computex電腦展,2026
廣達,2026-05-07,-18,307.856689453125,329.9149780273437,7.17,0.33,Computex電腦展,2026
廣達,2026-05-08,-17,307.856689453125,326.5582580566406,6.07,0.26,Computex電腦展,2026
廣達,2026-05-11,-16,307.856689453125,329.4354248046875,7.01,0.29,Computex電腦展,2026
廣達,2026-05-12,-15,307.856689453125,326.0787353515625,5.92,0.24,Computex電腦展,2026
廣達,2026-05-13,-14,307.856689453125,326.5582580566406,6.07,0.23,Computex電腦展,2026
廣達,2026-05-14,-13,307.856689453125,320.8039245605469,4.21,0.16,Computex電腦展,2026
廣達,2026-05-15,-12,307.856689453125,293.4708557128906,-4.67,-0.17,Computex電腦展,2026
廣達,2026-05-18,-11,307.856689453125,287.716552734375,-6.54,-0.23,Computex電腦展,2026
廣達,2026-05-19,-10,307.856689453125,278.1259765625,-9.66,-0.32,Computex電腦展,2026
廣達,2026-05-20,-9,307.856689453125,278.1259765625,-9.66,-0.31,Computex電腦展,2026
廣達,2026-05-21,-8,307.856689453125,295.38897705078125,-4.05,-0.13,Computex電腦展,2026
廣達,2026-05-22,-7,307.856689453125,303.0614318847656,-1.56,-0.05,Computex電腦展,2026
廣達,2026-05-25,-6,307.856689453125,303.5409545898437,-1.4,-0.04,Computex電腦展,2026
廣達,2026-05-26,-5,307.856689453125,303.5409545898437,-1.4,-0.04,Computex電腦展,2026
廣達,2026-05-27,-4,307.856689453125,299.2251892089844,-2.8,-0.08,Computex電腦展,2026
廣達,2026-05-28,-3,307.856689453125,295.8684997558594,-3.89,-0.11,Computex電腦展,2026
廣達,2026-05-29,-2,307.856689453125,325.11968994140625,5.61,0.15,Computex電腦展,2026
廣達,2026-06-01,-1,307.856689453125,357.248046875,16.04,0.41,Computex電腦展,2026
廣達,2026-06-02,0,307.856689453125,384.1015930175781,24.77,0.62,Computex電腦展,2026
廣達,2026-06-03,1,307.856689453125,399.9259948730469,29.91,0.73,Computex電腦展,2026
廣達,2026-06-04,2,307.856689453125,387.4582824707031,25.86,0.62,Computex電腦展,2026
廣達,2026-06-05,3,307.856689453125,374.5110168457031,21.65,0.5,Computex電腦展,2026
廣達,2026-06-08,4,307.856689453125,361.0842590332031,17.29,0.39,Computex電腦展,2026
廣達,2026-06-09,5,307.856689453125,359.6456604003906,16.82,0.37,Computex電腦展,2026
廣達,2026-06-10,6,307.856689453125,364.9204711914063,18.54,0.4,Computex電腦展,2026
廣達,2026-06-11,7,307.856689453125,354.85040283203125,15.26,0.32,Computex電腦展,2026
廣達,2026-06-12,8,307.856689453125,356.7684936523437,15.89,0.33,Computex電腦展,2026
華碩,2026-04-07,-39,554.5999755859375,517.0,-6.78,-6.78,Computex電腦展,2026
華碩,2026-04-08,-38,554.5999755859375,528.2799682617188,-4.75,-2.37,Computex電腦展,2026
華碩,2026-04-09,-37,554.5999755859375,533.9199829101562,-3.73,-1.24,Computex電腦展,2026
華碩,2026-04-10,-36,554.5999755859375,543.3200073242188,-2.03,-0.51,Computex電腦展,2026
華碩,2026-04-13,-35,554.5999755859375,543.3200073242188,-2.03,-0.41,Computex電腦展,2026
華碩,2026-04-14,-34,554.5999755859375,545.2000122070312,-1.69,-0.28,Computex電腦展,2026
華碩,2026-04-15,-33,554.5999755859375,548.9600219726562,-1.02,-0.15,Computex電腦展,2026
華碩,2026-04-16,-32,554.5999755859375,553.6599731445312,-0.17,-0.02,Computex電腦展,2026
華碩,2026-04-17,-31,554.5999755859375,563.0599975585938,1.53,0.17,Computex電腦展,2026
華碩,2026-04-20,-30,554.5999755859375,568.7000122070312,2.54,0.25,Computex電腦展,2026
華碩,2026-04-21,-29,554.5999755859375,563.0599975585938,1.53,0.14,Computex電腦展,2026
華碩,2026-04-22,-28,554.5999755859375,572.4600219726562,3.22,0.27,Computex電腦展,2026
華碩,2026-04-23,-27,554.5999755859375,562.1199951171875,1.36,0.1,Computex電腦展,2026
華碩,2026-04-24,-26,554.5999755859375,549.9000244140625,-0.85,-0.06,Computex電腦展,2026
華碩,2026-04-27,-25,554.5999755859375,552.719970703125,-0.34,-0.02,Computex電腦展,2026
華碩,2026-04-28,-24,554.5999755859375,552.719970703125,-0.34,-0.02,Computex電腦展,2026
華碩,2026-04-29,-23,554.5999755859375,552.719970703125,-0.34,-0.02,Computex電腦展,2026
華碩,2026-04-30,-22,554.5999755859375,546.1400146484375,-1.53,-0.08,Computex電腦展,2026
華碩,2026-05-04,-21,554.5999755859375,555.5399780273438,0.17,0.01,Computex電腦展,2026
華碩,2026-05-05,-20,554.5999755859375,554.5999755859375,0.0,0.0,Computex電腦展,2026
華碩,2026-05-06,-19,554.5999755859375,591.260009765625,6.61,0.31,Computex電腦展,2026
華碩,2026-05-07,-18,554.5999755859375,600.6599731445312,8.31,0.38,Computex電腦展,2026
華碩,2026-05-08,-17,554.5999755859375,611.0,10.17,0.44,Computex電腦展,2026
華碩,2026-05-11,-16,554.5999755859375,644.8400268554688,16.27,0.68,Computex電腦展,2026
華碩,2026-05-12,-15,554.5999755859375,632.6199951171875,14.07,0.56,Computex電腦展,2026
華碩,2026-05-13,-14,554.5999755859375,623.219970703125,12.37,0.48,Computex電腦展,2026
華碩,2026-05-14,-13,554.5999755859375,638.260009765625,15.08,0.56,Computex電腦展,2026
華碩,2026-05-15,-12,554.5999755859375,602.5399780273438,8.64,0.31,Computex電腦展,2026
華碩,2026-05-18,-11,554.5999755859375,596.9000244140625,7.63,0.26,Computex電腦展,2026
華碩,2026-05-19,-10,554.5999755859375,603.47998046875,8.81,0.29,Computex電腦展,2026
華碩,2026-05-20,-9,554.5999755859375,601.5999755859375,8.47,0.27,Computex電腦展,2026
華碩,2026-05-21,-8,554.5999755859375,616.6400146484375,11.19,0.35,Computex電腦展,2026
華碩,2026-05-22,-7,554.5999755859375,641.0800170898438,15.59,0.47,Computex電腦展,2026
華碩,2026-05-25,-6,554.5999755859375,666.4600219726562,20.17,0.59,Computex電腦展,2026
華碩,2026-05-26,-5,554.5999755859375,657.0599975585938,18.47,0.53,Computex電腦展,2026
華碩,2026-05-27,-4,554.5999755859375,658.9400024414062,18.81,0.52,Computex電腦展,2026
華碩,2026-05-28,-3,554.5999755859375,650.47998046875,17.29,0.47,Computex電腦展,2026
華碩,2026-05-29,-2,554.5999755859375,715.3400268554688,28.98,0.76,Computex電腦展,2026
華碩,2026-06-01,-1,554.5999755859375,786.7799682617188,41.86,1.07,Computex電腦展,2026
華碩,2026-06-02,0,554.5999755859375,864.7999877929688,55.93,1.4,Computex電腦展,2026
華碩,2026-06-03,1,554.5999755859375,875.1400146484375,57.8,1.41,Computex電腦展,2026
華碩,2026-06-04,2,554.5999755859375,838.47998046875,51.19,1.22,Computex電腦展,2026
華碩,2026-06-05,3,554.5999755859375,846.0,52.54,1.22,Computex電腦展,2026
華碩,2026-06-08,4,554.5999755859375,793.3599853515625,43.05,0.98,Computex電腦展,2026
華碩,2026-06-09,5,554.5999755859375,799.0,44.07,0.98,Computex電腦展,2026
華碩,2026-06-10,6,554.5999755859375,748.239990234375,34.92,0.76,Computex電腦展,2026
華碩,2026-06-11,7,554.5999755859375,736.9600219726562,32.88,0.7,Computex電腦展,2026
華碩,2026-06-12,8,554.5999755859375,737.9000244140625,33.05,0.69,Computex電腦展,2026
威盛,2026-04-07,-39,79.85092163085938,49.66947555541992,-37.8,-37.8,Computex電腦展,2026
威盛,2026-04-08,-38,79.85092163085938,54.56646347045898,-31.66,-15.83,Computex電腦展,2026
威盛,2026-04-09,-37,79.85092163085938,54.16670989990234,-32.17,-10.72,Computex電腦展,2026
威盛,2026-04-10,-36,79.85092163085938,53.46714019775391,-33.04,-8.26,Computex電腦展,2026
威盛,2026-04-13,-35,79.85092163085938,55.36597442626953,-30.66,-6.13,Computex電腦展,2026
威盛,2026-04-14,-34,79.85092163085938,56.76511001586914,-28.91,-4.82,Computex電腦展,2026
威盛,2026-04-15,-33,79.85092163085938,62.36167526245117,-21.9,-3.13,Computex電腦展,2026
威盛,2026-04-16,-32,79.85092163085938,61.36228942871094,-23.15,-2.89,Computex電腦展,2026
威盛,2026-04-17,-31,79.85092163085938,65.25989532470703,-18.27,-2.03,Computex電腦展,2026
威盛,2026-04-20,-30,79.85092163085938,66.15933227539062,-17.15,-1.71,Computex電腦展,2026
威盛,2026-04-21,-29,79.85092163085938,72.75528717041016,-8.89,-0.81,Computex電腦展,2026
威盛,2026-04-22,-28,79.85092163085938,79.95085906982422,0.13,0.01,Computex電腦展,2026
威盛,2026-04-23,-27,79.85092163085938,76.05325317382812,-4.76,-0.37,Computex電腦展,2026
威盛,2026-04-24,-26,79.85092163085938,78.15196228027344,-2.13,-0.15,Computex電腦展,2026
威盛,2026-04-27,-25,79.85092163085938,74.65411376953125,-6.51,-0.43,Computex電腦展,2026
威盛,2026-04-28,-24,79.85092163085938,74.05448150634766,-7.26,-0.45,Computex電腦展,2026
威盛,2026-04-29,-23,79.85092163085938,71.45608520507812,-10.51,-0.62,Computex電腦展,2026
威盛,2026-04-30,-22,79.85092163085938,78.55171966552734,-1.63,-0.09,Computex電腦展,2026
威盛,2026-05-04,-21,79.85092163085938,83.04895782470703,4.01,0.21,Computex電腦展,2026
威盛,2026-05-05,-20,79.85092163085938,79.85092163085938,0.0,0.0,Computex電腦展,2026
威盛,2026-05-06,-19,79.85092163085938,79.95085906982422,0.13,0.01,Computex電腦展,2026
威盛,2026-05-07,-18,79.85092163085938,75.5535659790039,-5.38,-0.24,Computex電腦展,2026
威盛,2026-05-08,-17,79.85092163085938,71.35614776611328,-10.64,-0.46,Computex電腦展,2026
威盛,2026-05-11,-16,79.85092163085938,76.65288543701172,-4.01,-0.17,Computex電腦展,2026
威盛,2026-05-12,-15,79.85092163085938,74.85399627685547,-6.26,-0.25,Computex電腦展,2026
威盛,2026-05-13,-14,79.85092163085938,74.75405883789062,-6.38,-0.25,Computex電腦展,2026
威盛,2026-05-14,-13,79.85092163085938,75.75344848632812,-5.13,-0.19,Computex電腦展,2026
威盛,2026-05-15,-12,79.85092163085938,75.35369110107422,-5.63,-0.2,Computex電腦展,2026
威盛,2026-05-18,-11,79.85092163085938,75.75344848632812,-5.13,-0.18,Computex電腦展,2026
威盛,2026-05-19,-10,79.85092163085938,74.25436401367188,-7.01,-0.23,Computex電腦展,2026
威盛,2026-05-20,-9,79.85092163085938,81.64981842041016,2.25,0.07,Computex電腦展,2026
威盛,2026-05-21,-8,79.85092163085938,85.94717407226562,7.63,0.24,Computex電腦展,2026
威盛,2026-05-22,-7,79.85092163085938,87.9459457397461,10.14,0.31,Computex電腦展,2026
威盛,2026-05-25,-6,79.85092163085938,84.14827728271484,5.38,0.16,Computex電腦展,2026
威盛,2026-05-26,-5,79.85092163085938,77.95208740234375,-2.38,-0.07,Computex電腦展,2026
威盛,2026-05-27,-4,79.85092163085938,75.85337829589844,-5.01,-0.14,Computex電腦展,2026
威盛,2026-05-28,-3,79.85092163085938,74.35430145263672,-6.88,-0.19,Computex電腦展,2026
威盛,2026-05-29,-2,79.85092163085938,76.85276794433594,-3.75,-0.1,Computex電腦展,2026
威盛,2026-06-01,-1,79.85092163085938,74.75405883789062,-6.38,-0.16,Computex電腦展,2026
威盛,2026-06-02,0,79.85092163085938,75.35369110107422,-5.63,-0.14,Computex電腦展,2026
威盛,2026-06-03,1,79.85092163085938,73.35491943359375,-8.14,-0.2,Computex電腦展,2026
威盛,2026-06-04,2,79.85092163085938,73.2549819946289,-8.26,-0.2,Computex電腦展,2026
威盛,2026-06-05,3,79.85092163085938,68.85768127441406,-13.77,-0.32,Computex電腦展,2026
威盛,2026-06-08,4,79.85092163085938,64.76020050048828,-18.9,-0.43,Computex電腦展,2026
威盛,2026-06-09,5,79.85092163085938,66.35921478271484,-16.9,-0.38,Computex電腦展,2026
威盛,2026-06-10,6,79.85092163085938,64.06062316894531,-19.77,-0.43,Computex電腦展,2026
威盛,2026-06-11,7,79.85092163085938,65.6596450805664,-17.77,-0.38,Computex電腦展,2026
威盛,2026-06-12,8,79.85092163085938,66.05939483642578,-17.27,-0.36,Computex電腦展,2026
迎廣,2026-04-07,-39,86.23906707763672,67.61375427246094,-21.6,-21.6,Computex電腦展,2026
迎廣,2026-04-08,-38,86.23906707763672,69.6509017944336,-19.24,-9.62,Computex電腦展,2026
迎廣,2026-04-09,-37,86.23906707763672,69.35987854003906,-19.57,-6.52,Computex電腦展,2026
迎廣,2026-04-10,-36,86.23906707763672,76.24736022949219,-11.59,-2.9,Computex電腦展,2026
迎廣,2026-04-13,-35,86.23906707763672,79.3515853881836,-7.99,-1.6,Computex電腦展,2026
迎廣,2026-04-14,-34,86.23906707763672,77.41144561767578,-10.24,-1.71,Computex電腦展,2026
迎廣,2026-04-15,-33,86.23906707763672,78.09049224853516,-9.45,-1.35,Computex電腦展,2026
迎廣,2026-04-16,-32,86.23906707763672,78.76953887939453,-8.66,-1.08,Computex電腦展,2026
迎廣,2026-04-17,-31,86.23906707763672,79.15756225585938,-8.21,-0.91,Computex電腦展,2026
迎廣,2026-04-20,-30,86.23906707763672,80.51566314697266,-6.64,-0.66,Computex電腦展,2026
迎廣,2026-04-21,-29,86.23906707763672,82.0677719116211,-4.84,-0.44,Computex電腦展,2026
迎廣,2026-04-22,-28,86.23906707763672,83.71688842773438,-2.92,-0.24,Computex電腦展,2026
迎廣,2026-04-23,-27,86.23906707763672,79.3515853881836,-7.99,-0.61,Computex電腦展,2026
迎廣,2026-04-24,-26,86.23906707763672,82.55280303955078,-4.27,-0.31,Computex電腦展,2026
迎廣,2026-04-27,-25,86.23906707763672,84.5899429321289,-1.91,-0.13,Computex電腦展,2026
迎廣,2026-04-28,-24,86.23906707763672,86.43307495117188,0.22,0.01,Computex電腦展,2026
迎廣,2026-04-29,-23,86.23906707763672,87.98518371582031,2.02,0.12,Computex電腦展,2026
迎廣,2026-04-30,-22,86.23906707763672,85.46300506591797,-0.9,-0.05,Computex電腦展,2026
迎廣,2026-05-04,-21,86.23906707763672,84.2989273071289,-2.25,-0.12,Computex電腦展,2026
迎廣,2026-05-05,-20,86.23906707763672,86.23906707763672,0.0,0.0,Computex電腦展,2026
迎廣,2026-05-06,-19,86.23906707763672,83.32886505126953,-3.37,-0.16,Computex電腦展,2026
迎廣,2026-05-07,-18,86.23906707763672,82.74681854248047,-4.05,-0.18,Computex電腦展,2026
迎廣,2026-05-08,-17,86.23906707763672,78.28450012207031,-9.22,-0.4,Computex電腦展,2026
迎廣,2026-05-11,-16,86.23906707763672,77.896484375,-9.67,-0.4,Computex電腦展,2026
迎廣,2026-05-12,-15,86.23906707763672,77.79946899414062,-9.79,-0.39,Computex電腦展,2026
迎廣,2026-05-13,-14,86.23906707763672,76.44137573242188,-11.36,-0.44,Computex電腦展,2026
迎廣,2026-05-14,-13,86.23906707763672,79.06056213378906,-8.32,-0.31,Computex電腦展,2026
迎廣,2026-05-15,-12,86.23906707763672,79.6426010131836,-7.65,-0.27,Computex電腦展,2026
迎廣,2026-05-18,-11,86.23906707763672,77.50845336914062,-10.12,-0.35,Computex電腦展,2026
迎廣,2026-05-19,-10,86.23906707763672,77.41144561767578,-10.24,-0.34,Computex電腦展,2026
迎廣,2026-05-20,-9,86.23906707763672,76.63539123535156,-11.14,-0.36,Computex電腦展,2026
迎廣,2026-05-21,-8,86.23906707763672,80.12763214111328,-7.09,-0.22,Computex電腦展,2026
迎廣,2026-05-22,-7,86.23906707763672,85.85103607177734,-0.45,-0.01,Computex電腦展,2026
迎廣,2026-05-25,-6,86.23906707763672,89.1492691040039,3.37,0.1,Computex電腦展,2026
迎廣,2026-05-26,-5,86.23906707763672,92.15647888183594,6.86,0.2,Computex電腦展,2026
迎廣,2026-05-27,-4,86.23906707763672,82.94083404541016,-3.82,-0.11,Computex電腦展,2026
迎廣,2026-05-28,-3,86.23906707763672,80.12763214111328,-7.09,-0.19,Computex電腦展,2026
迎廣,2026-05-29,-2,86.23906707763672,81.48573303222656,-5.51,-0.15,Computex電腦展,2026
迎廣,2026-06-01,-1,86.23906707763672,83.23185729980469,-3.49,-0.09,Computex電腦展,2026
迎廣,2026-06-02,0,86.23906707763672,84.2989273071289,-2.25,-0.06,Computex電腦展,2026
迎廣,2026-06-03,1,86.23906707763672,86.14205932617188,-0.11,-0.0,Computex電腦展,2026
迎廣,2026-06-04,2,86.23906707763672,82.55280303955078,-4.27,-0.1,Computex電腦展,2026
迎廣,2026-06-05,3,86.23906707763672,80.51566314697266,-6.64,-0.15,Computex電腦展,2026
迎廣,2026-06-08,4,86.23906707763672,77.3144302368164,-10.35,-0.24,Computex電腦展,2026
迎廣,2026-06-09,5,86.23906707763672,77.12042236328125,-10.57,-0.23,Computex電腦展,2026
迎廣,2026-06-10,6,86.23906707763672,75.4713134765625,-12.49,-0.27,Computex電腦展,2026
迎廣,2026-06-11,7,86.23906707763672,73.337158203125,-14.96,-0.32,Computex電腦展,2026
迎廣,2026-06-12,8,86.23906707763672,74.01620483398438,-14.17,-0.3,Computex電腦展,2026
廣達,2025-04-07,-30,212.36941528320312,192.2309417724609,-9.48,-9.48,Computex電腦展,2025
廣達,2025-04-08,-29,212.36941528320312,175.29629516601562,-17.46,-8.73,Computex電腦展,2025
廣達,2025-04-09,-28,212.36941528320312,163.39630126953125,-23.06,-7.69,Computex電腦展,2025
廣達,2025-04-10,-27,212.36941528320312,179.41554260253906,-15.52,-3.88,Computex電腦展,2025
廣達,2025-04-11,-26,212.36941528320312,197.2655487060547,-7.11,-1.42,Computex電腦展,2025
廣達,2025-04-14,-25,212.36941528320312,208.70787048339844,-1.72,-0.29,Computex電腦展,2025
廣達,2025-04-15,-24,212.36941528320312,208.70787048339844,-1.72,-0.25,Computex電腦展,2025
廣達,2025-04-16,-23,212.36941528320312,207.79249572753903,-2.16,-0.27,Computex電腦展,2025
廣達,2025-04-17,-22,212.36941528320312,210.53863525390625,-0.86,-0.1,Computex電腦展,2025
廣達,2025-04-18,-21,212.36941528320312,210.996337890625,-0.65,-0.06,Computex電腦展,2025
廣達,2025-04-21,-20,212.36941528320312,212.36941528320312,0.0,0.0,Computex電腦展,2025
廣達,2025-04-22,-19,212.36941528320312,204.588623046875,-3.66,-0.31,Computex電腦展,2025
廣達,2025-04-23,-18,212.36941528320312,215.11557006835932,1.29,0.1,Computex電腦展,2025
廣達,2025-04-24,-17,212.36941528320312,210.53863525390625,-0.86,-0.06,Computex電腦展,2025
廣達,2025-04-25,-16,212.36941528320312,215.11557006835932,1.29,0.09,Computex電腦展,2025
廣達,2025-04-28,-15,212.36941528320312,224.26942443847656,5.6,0.35,Computex電腦展,2025
廣達,2025-04-29,-14,212.36941528320312,221.9809417724609,4.53,0.27,Computex電腦展,2025
廣達,2025-04-30,-13,212.36941528320312,218.3194122314453,2.8,0.16,Computex電腦展,2025
廣達,2025-05-02,-12,212.36941528320312,229.76173400878903,8.19,0.43,Computex電腦展,2025
廣達,2025-05-05,-11,212.36941528320312,225.6425018310547,6.25,0.31,Computex電腦展,2025
廣達,2025-05-06,-10,212.36941528320312,232.5078887939453,9.48,0.45,Computex電腦展,2025
廣達,2025-05-07,-9,212.36941528320312,232.5078887939453,9.48,0.43,Computex電腦展,2025
廣達,2025-05-08,-8,212.36941528320312,230.21942138671875,8.41,0.37,Computex電腦展,2025
廣達,2025-05-09,-7,212.36941528320312,234.7963409423828,10.56,0.44,Computex電腦展,2025
廣達,2025-05-12,-6,212.36941528320312,236.6271209716797,11.42,0.46,Computex電腦展,2025
廣達,2025-05-13,-5,212.36941528320312,239.8309783935547,12.93,0.5,Computex電腦展,2025
廣達,2025-05-14,-4,212.36941528320312,253.1040496826172,19.18,0.71,Computex電腦展,2025
廣達,2025-05-15,-3,212.36941528320312,254.0194396972656,19.61,0.7,Computex電腦展,2025
廣達,2025-05-16,-2,212.36941528320312,251.73098754882807,18.53,0.64,Computex電腦展,2025
廣達,2025-05-19,-1,212.36941528320312,243.4925079345703,14.66,0.49,Computex電腦展,2025
廣達,2025-05-20,0,212.36941528320312,243.95021057128903,14.87,0.48,Computex電腦展,2025
廣達,2025-05-21,1,212.36941528320312,248.98483276367188,17.24,0.54,Computex電腦展,2025
廣達,2025-05-22,2,212.36941528320312,244.86558532714844,15.3,0.46,Computex電腦展,2025
廣達,2025-05-23,3,212.36941528320312,241.6617431640625,13.79,0.41,Computex電腦展,2025
廣達,2025-05-26,4,212.36941528320312,243.03482055664065,14.44,0.41,Computex電腦展,2025
廣達,2025-05-27,5,212.36941528320312,243.4925079345703,14.66,0.41,Computex電腦展,2025
廣達,2025-05-28,6,212.36941528320312,246.2386779785156,15.95,0.43,Computex電腦展,2025
廣達,2025-05-29,7,212.36941528320312,248.5271148681641,17.03,0.45,Computex電腦展,2025
廣達,2025-06-02,8,212.36941528320312,248.0694274902344,16.81,0.43,Computex電腦展,2025
廣達,2025-06-03,9,212.36941528320312,251.73098754882807,18.53,0.46,Computex電腦展,2025
廣達,2025-06-04,10,212.36941528320312,256.3078918457031,20.69,0.5,Computex電腦展,2025
廣達,2025-06-05,11,212.36941528320312,257.6809997558594,21.34,0.51,Computex電腦展,2025
廣達,2025-06-06,12,212.36941528320312,252.6463623046875,18.97,0.44,Computex電腦展,2025
廣達,2025-06-09,13,212.36941528320312,252.6463623046875,18.97,0.43,Computex電腦展,2025
廣達,2025-06-10,14,212.36941528320312,259.5117492675781,22.2,0.49,Computex電腦展,2025
廣達,2025-06-11,15,212.36941528320312,259.0540466308594,21.98,0.48,Computex電腦展,2025
廣達,2025-06-12,16,212.36941528320312,262.2579040527344,23.49,0.5,Computex電腦展,2025
華碩,2025-04-07,-30,474.8960571289063,486.52252197265625,2.45,2.45,Computex電腦展,2025
華碩,2025-04-08,-29,474.8960571289063,438.22802734375,-7.72,-3.86,Computex電腦展,2025
華碩,2025-04-09,-28,474.8960571289063,394.40521240234375,-16.95,-5.65,Computex電腦展,2025
華碩,2025-04-10,-27,474.8960571289063,433.75628662109375,-8.66,-2.17,Computex電腦展,2025
華碩,2025-04-11,-26,474.8960571289063,457.903564453125,-3.58,-0.72,Computex電腦展,2025
華碩,2025-04-14,-25,474.8960571289063,484.7338562011719,2.07,0.35,Computex電腦展,2025
華碩,2025-04-15,-24,474.8960571289063,503.5150146484375,6.03,0.86,Computex電腦展,2025
華碩,2025-04-16,-23,474.8960571289063,494.5716247558594,4.14,0.52,Computex電腦展,2025
華碩,2025-04-17,-22,474.8960571289063,485.6282043457031,2.26,0.25,Computex電腦展,2025
華碩,2025-04-18,-21,474.8960571289063,485.6282043457031,2.26,0.23,Computex電腦展,2025
華碩,2025-04-21,-20,474.8960571289063,474.8960571289063,0.0,0.0,Computex電腦展,2025
華碩,2025-04-22,-19,474.8960571289063,457.903564453125,-3.58,-0.3,Computex電腦展,2025
華碩,2025-04-23,-18,474.8960571289063,485.6282043457031,2.26,0.17,Computex電腦展,2025
華碩,2025-04-24,-17,474.8960571289063,486.52252197265625,2.45,0.17,Computex電腦展,2025
華碩,2025-04-25,-16,474.8960571289063,528.556640625,11.3,0.75,Computex電腦展,2025
華碩,2025-04-28,-15,474.8960571289063,521.4019165039062,9.79,0.61,Computex電腦展,2025
華碩,2025-04-29,-14,474.8960571289063,524.0849609375,10.36,0.61,Computex電腦展,2025
華碩,2025-04-30,-13,474.8960571289063,518.7188720703125,9.23,0.51,Computex電腦展,2025
華碩,2025-05-02,-12,474.8960571289063,527.6622924804688,11.11,0.58,Computex電腦展,2025
華碩,2025-05-05,-11,474.8960571289063,514.2471313476562,8.29,0.41,Computex電腦展,2025
華碩,2025-05-06,-10,474.8960571289063,524.979248046875,10.55,0.5,Computex電腦展,2025
華碩,2025-05-07,-9,474.8960571289063,531.2396850585938,11.86,0.54,Computex電腦展,2025
華碩,2025-05-08,-8,474.8960571289063,531.2396850585938,11.86,0.52,Computex電腦展,2025
華碩,2025-05-09,-7,474.8960571289063,538.3944091796875,13.37,0.56,Computex電腦展,2025
華碩,2025-05-12,-6,474.8960571289063,539.2887573242188,13.56,0.54,Computex電腦展,2025
華碩,2025-05-13,-5,474.8960571289063,543.760498046875,14.5,0.56,Computex電腦展,2025
華碩,2025-05-14,-4,474.8960571289063,556.28125,17.14,0.63,Computex電腦展,2025
華碩,2025-05-15,-3,474.8960571289063,561.6473388671875,18.27,0.65,Computex電腦展,2025
華碩,2025-05-16,-2,474.8960571289063,567.013427734375,19.4,0.67,Computex電腦展,2025
華碩,2025-05-19,-1,474.8960571289063,555.3869018554688,16.95,0.56,Computex電腦展,2025
華碩,2025-05-20,0,474.8960571289063,565.2247314453125,19.02,0.61,Computex電腦展,2025
華碩,2025-05-21,1,474.8960571289063,561.6473388671875,18.27,0.57,Computex電腦展,2025
華碩,2025-05-22,2,474.8960571289063,565.2247314453125,19.02,0.58,Computex電腦展,2025
華碩,2025-05-23,3,474.8960571289063,556.28125,17.14,0.5,Computex電腦展,2025
華碩,2025-05-26,4,474.8960571289063,560.7529907226562,18.08,0.52,Computex電腦展,2025
華碩,2025-05-27,5,474.8960571289063,543.760498046875,14.5,0.4,Computex電腦展,2025
華碩,2025-05-28,6,474.8960571289063,553.5982055664062,16.57,0.45,Computex電腦展,2025
華碩,2025-05-29,7,474.8960571289063,558.9642944335938,17.7,0.47,Computex電腦展,2025
華碩,2025-06-02,8,474.8960571289063,556.28125,17.14,0.44,Computex電腦展,2025
華碩,2025-06-03,9,474.8960571289063,570.5906982421875,20.15,0.5,Computex電腦展,2025
華碩,2025-06-04,10,474.8960571289063,570.5906982421875,20.15,0.49,Computex電腦展,2025
華碩,2025-06-05,11,474.8960571289063,574.1680908203125,20.9,0.5,Computex電腦展,2025
華碩,2025-06-06,12,474.8960571289063,576.8511352539062,21.47,0.5,Computex電腦展,2025
華碩,2025-06-09,13,474.8960571289063,577.7454833984375,21.66,0.49,Computex電腦展,2025
華碩,2025-06-10,14,474.8960571289063,589.3719482421875,24.11,0.54,Computex電腦展,2025
華碩,2025-06-11,15,474.8960571289063,603.6814575195312,27.12,0.59,Computex電腦展,2025
華碩,2025-06-12,16,474.8960571289063,609.9418334960938,28.44,0.61,Computex電腦展,2025
威盛,2025-04-07,-30,66.24749755859375,71.32813262939453,7.67,7.67,Computex電腦展,2025
威盛,2025-04-08,-29,66.24749755859375,64.25509643554688,-3.01,-1.5,Computex電腦展,2025
威盛,2025-04-09,-28,66.24749755859375,57.87939453125,-12.63,-4.21,Computex電腦展,2025
威盛,2025-04-10,-27,66.24749755859375,63.657371520996094,-3.91,-0.98,Computex電腦展,2025
威盛,2025-04-11,-26,66.24749755859375,65.35092163085938,-1.35,-0.27,Computex電腦展,2025
威盛,2025-04-14,-25,66.24749755859375,67.74180603027344,2.26,0.38,Computex電腦展,2025
威盛,2025-04-15,-24,66.24749755859375,71.0292739868164,7.22,1.03,Computex電腦展,2025
威盛,2025-04-16,-23,66.24749755859375,68.43914794921875,3.31,0.41,Computex電腦展,2025
威盛,2025-04-17,-22,66.24749755859375,69.33573150634766,4.66,0.52,Computex電腦展,2025
威盛,2025-04-18,-21,66.24749755859375,69.13648986816406,4.36,0.44,Computex電腦展,2025
威盛,2025-04-21,-20,66.24749755859375,66.24749755859375,0.0,0.0,Computex電腦展,2025
威盛,2025-04-22,-19,66.24749755859375,65.55015563964844,-1.05,-0.09,Computex電腦展,2025
威盛,2025-04-23,-18,66.24749755859375,68.23990631103516,3.01,0.23,Computex電腦展,2025
威盛,2025-04-24,-17,66.24749755859375,68.93724822998047,4.06,0.29,Computex電腦展,2025
威盛,2025-04-25,-16,66.24749755859375,70.73040771484375,6.77,0.45,Computex電腦展,2025
威盛,2025-04-28,-15,66.24749755859375,72.1250991821289,8.87,0.55,Computex電腦展,2025
威盛,2025-04-29,-14,66.24749755859375,74.71522521972656,12.78,0.75,Computex電腦展,2025
威盛,2025-04-30,-13,66.24749755859375,72.22471618652344,9.02,0.5,Computex電腦展,2025
威盛,2025-05-02,-12,66.24749755859375,73.2209243774414,10.53,0.55,Computex電腦展,2025
威盛,2025-05-05,-11,66.24749755859375,71.12889862060547,7.37,0.37,Computex電腦展,2025
威盛,2025-05-06,-10,66.24749755859375,71.12889862060547,7.37,0.35,Computex電腦展,2025
威盛,2025-05-07,-9,66.24749755859375,71.228515625,7.52,0.34,Computex電腦展,2025
威盛,2025-05-08,-8,66.24749755859375,73.2209243774414,10.53,0.46,Computex電腦展,2025
威盛,2025-05-09,-7,66.24749755859375,73.12130737304688,10.38,0.43,Computex電腦展,2025
威盛,2025-05-12,-6,66.24749755859375,73.42015075683594,10.83,0.43,Computex電腦展,2025
威盛,2025-05-13,-5,66.24749755859375,72.62319946289062,9.62,0.37,Computex電腦展,2025
威盛,2025-05-14,-4,66.24749755859375,73.02168273925781,10.23,0.38,Computex電腦展,2025
威盛,2025-05-15,-3,66.24749755859375,71.82623291015625,8.42,0.3,Computex電腦展,2025
威盛,2025-05-16,-2,66.24749755859375,71.72661590576172,8.27,0.29,Computex電腦展,2025
威盛,2025-05-19,-1,66.24749755859375,68.23990631103516,3.01,0.1,Computex電腦展,2025
威盛,2025-05-20,0,66.24749755859375,68.33952331542969,3.16,0.1,Computex電腦展,2025
威盛,2025-05-21,1,66.24749755859375,69.33573150634766,4.66,0.15,Computex電腦展,2025
威盛,2025-05-22,2,66.24749755859375,67.6421890258789,2.11,0.06,Computex電腦展,2025
威盛,2025-05-23,3,66.24749755859375,67.14408111572266,1.35,0.04,Computex電腦展,2025
威盛,2025-05-26,4,66.24749755859375,67.24369812011719,1.5,0.04,Computex電腦展,2025
威盛,2025-05-27,5,66.24749755859375,65.74939727783203,-0.75,-0.02,Computex電腦展,2025
威盛,2025-05-28,6,66.24749755859375,65.74939727783203,-0.75,-0.02,Computex電腦展,2025
威盛,2025-05-29,7,66.24749755859375,66.74559783935547,0.75,0.02,Computex電腦展,2025
威盛,2025-06-02,8,66.24749755859375,62.5615463256836,-5.56,-0.14,Computex電腦展,2025
威盛,2025-06-03,9,66.24749755859375,62.4619255065918,-5.71,-0.14,Computex電腦展,2025
威盛,2025-06-04,10,66.24749755859375,63.85661315917969,-3.61,-0.09,Computex電腦展,2025
威盛,2025-06-05,11,66.24749755859375,65.25129699707031,-1.5,-0.04,Computex電腦展,2025
威盛,2025-06-06,12,66.24749755859375,65.15167999267578,-1.65,-0.04,Computex電腦展,2025
威盛,2025-06-09,13,66.24749755859375,63.75699234008789,-3.76,-0.09,Computex電腦展,2025
威盛,2025-06-10,14,66.24749755859375,63.4581298828125,-4.21,-0.09,Computex電腦展,2025
威盛,2025-06-11,15,66.24749755859375,65.9486312866211,-0.45,-0.01,Computex電腦展,2025
威盛,2025-06-12,16,66.24749755859375,66.14788055419922,-0.15,-0.0,Computex電腦展,2025
迎廣,2025-04-07,-30,71.8642807006836,73.76043701171875,2.64,2.64,Computex電腦展,2025
迎廣,2025-04-08,-29,71.8642807006836,66.46023559570312,-7.52,-3.76,Computex電腦展,2025
迎廣,2025-04-09,-28,71.8642807006836,59.823692321777344,-16.75,-5.58,Computex電腦展,2025
迎廣,2025-04-10,-27,71.8642807006836,65.79658508300781,-8.44,-2.11,Computex電腦展,2025
迎廣,2025-04-11,-26,71.8642807006836,67.78754425048828,-5.67,-1.13,Computex電腦展,2025
迎廣,2025-04-14,-25,71.8642807006836,70.7265853881836,-1.58,-0.26,Computex電腦展,2025
迎廣,2025-04-15,-24,71.8642807006836,75.94100952148438,5.67,0.81,Computex電腦展,2025
迎廣,2025-04-16,-23,71.8642807006836,72.8123550415039,1.32,0.16,Computex電腦展,2025
迎廣,2025-04-17,-22,71.8642807006836,73.47600555419922,2.24,0.25,Computex電腦展,2025
迎廣,2025-04-18,-21,71.8642807006836,74.99292755126953,4.35,0.44,Computex電腦展,2025
迎廣,2025-04-21,-20,71.8642807006836,71.8642807006836,0.0,0.0,Computex電腦展,2025
迎廣,2025-04-22,-19,71.8642807006836,73.85523986816406,2.77,0.23,Computex電腦展,2025
迎廣,2025-04-23,-18,71.8642807006836,75.3721694946289,4.88,0.38,Computex電腦展,2025
迎廣,2025-04-24,-17,71.8642807006836,73.85523986816406,2.77,0.2,Computex電腦展,2025
迎廣,2025-04-25,-16,71.8642807006836,76.79428100585938,6.86,0.46,Computex電腦展,2025
迎廣,2025-04-28,-15,71.8642807006836,79.25928497314453,10.29,0.64,Computex電腦展,2025
迎廣,2025-04-29,-14,71.8642807006836,80.01775360107422,11.35,0.67,Computex電腦展,2025
迎廣,2025-04-30,-13,71.8642807006836,78.02678680419922,8.58,0.48,Computex電腦展,2025
迎廣,2025-05-02,-12,71.8642807006836,78.97486114501953,9.89,0.52,Computex電腦展,2025
迎廣,2025-05-05,-11,71.8642807006836,73.0967788696289,1.72,0.09,Computex電腦展,2025
迎廣,2025-05-06,-10,71.8642807006836,74.61370086669922,3.83,0.18,Computex電腦展,2025
迎廣,2025-05-07,-9,71.8642807006836,73.66561889648438,2.51,0.11,Computex電腦展,2025
迎廣,2025-05-08,-8,71.8642807006836,74.8033218383789,4.09,0.18,Computex電腦展,2025
迎廣,2025-05-09,-7,71.8642807006836,76.32024383544922,6.2,0.26,Computex電腦展,2025
迎廣,2025-05-12,-6,71.8642807006836,78.02678680419922,8.58,0.34,Computex電腦展,2025
迎廣,2025-05-13,-5,71.8642807006836,79.73332214355469,10.95,0.42,Computex電腦展,2025
迎廣,2025-05-14,-4,71.8642807006836,87.69717407226562,22.03,0.82,Computex電腦展,2025
迎廣,2025-05-15,-3,71.8642807006836,87.22313690185547,21.37,0.76,Computex電腦展,2025
迎廣,2025-05-16,-2,71.8642807006836,86.46466827392578,20.32,0.7,Computex電腦展,2025
迎廣,2025-05-19,-1,71.8642807006836,86.46466827392578,20.32,0.68,Computex電腦展,2025
迎廣,2025-05-20,0,71.8642807006836,89.7829360961914,24.93,0.8,Computex電腦展,2025
迎廣,2025-05-21,1,71.8642807006836,91.11024475097656,26.78,0.84,Computex電腦展,2025
迎廣,2025-05-22,2,71.8642807006836,88.74005889892578,23.48,0.71,Computex電腦展,2025
迎廣,2025-05-23,3,71.8642807006836,89.7829360961914,24.93,0.73,Computex電腦展,2025
迎廣,2025-05-26,4,71.8642807006836,90.2569808959961,25.59,0.73,Computex電腦展,2025
迎廣,2025-05-27,5,71.8642807006836,95.28179931640624,32.59,0.91,Computex電腦展,2025
迎廣,2025-05-28,6,71.8642807006836,95.28179931640624,32.59,0.88,Computex電腦展,2025
迎廣,2025-05-29,7,71.8642807006836,89.6881332397461,24.8,0.65,Computex電腦展,2025
迎廣,2025-06-02,8,71.8642807006836,87.79197692871094,22.16,0.57,Computex電腦展,2025
迎廣,2025-06-03,9,71.8642807006836,87.03352355957031,21.11,0.53,Computex電腦展,2025
迎廣,2025-06-04,10,71.8642807006836,89.6881332397461,24.8,0.6,Computex電腦展,2025
迎廣,2025-06-05,11,71.8642807006836,88.92967224121094,23.75,0.57,Computex電腦展,2025
迎廣,2025-06-06,12,71.8642807006836,89.7829360961914,24.93,0.58,Computex電腦展,2025
迎廣,2025-06-09,13,71.8642807006836,91.48948669433594,27.31,0.62,Computex電腦展,2025
迎廣,2025-06-10,14,71.8642807006836,95.75582885742188,33.25,0.74,Computex電腦展,2025
迎廣,2025-06-11,15,71.8642807006836,93.85968017578124,30.61,0.67,Computex電腦展,2025
迎廣,2025-06-12,16,71.8642807006836,93.00640869140624,29.42,0.63,Computex電腦展,2025
